industry,video_count,video_titles,insights
ADM,5,"AWS re:Invent 2024 - Privacy-enhanced advertising with Xmars, DIRECTV, and Amazon Ads (ADM304)
AWS re:Invent 2024 - Unified customer profiles and connected journeys with United Airlines (ADM201)
AWS re:Invent 2024 - Grab innovates with generative AI and secure data collaboration  (ADM203)
AWS re:Invent 2024 - Streamline ad monetization with Prebid Server Deployment on AWS (ADM302)
AWS re:Invent 2024 - Generative AI in advertising and marketing with Blueshift and VidMob (ADM202)","### Detailed Analysis

**Video 1: AWS re:Invent 2024 - Privacy-enhanced advertising with Xmars, DIRECTV, and Amazon Ads (ADM304)**
- **Use Case:** Planning, activating, and measuring advertising campaigns through Amazon DSP while ensuring privacy-enhanced data collaboration.
- **Solution:** Amazon Marketing Cloud (AMC), Amazon Publisher Cloud, AWS Clean Rooms, AWS Clean Rooms ML
- **Customer Story:** Xmars and DIRECTV use these solutions to collaborate on advertising campaigns, ensuring data privacy and effective audience targeting.

**Video 2: AWS re:Invent 2024 - Unified customer profiles and connected journeys with United Airlines (ADM201)**
- **Use Case:** Unifying customer data from multiple touchpoints to create a comprehensive, 360-degree view of customers.
- **Solution:** AWS Entity Resolution, AWS Clean Rooms
- **Customer Story:** United Airlines migrated its on-premises workloads to AWS to unify customer data, enabling personalized experiences and optimized inventory utilization.

**Video 3: AWS re:Invent 2024 - Grab innovates with generative AI and secure data collaboration (ADM203)**
- **Use Case:** Using secure data collaboration and generative AI to enrich customer understanding and deliver relevant experiences.
- **Solution:** AWS Clean Rooms, AWS generative AI services
- **Customer Story:** Grab uses these solutions to power its advertising business, collaborating securely with partners and leveraging generative AI across marketing and advertising functions.

**Video 4: AWS re:Invent 2024 - Streamline ad monetization with Prebid Server Deployment on AWS (ADM302)**
- **Use Case:** Monetizing digital content through real-time ad auctions using third-party ad platforms.
- **Solution:** Prebid Server Deployment on AWS
- **Customer Story:** Businesses use Prebid Server on AWS to connect with over 180 advertising platforms, optimizing ad monetization with low-latency, high-volume solutions.

**Video 5: AWS re:Invent 2024 - Generative AI in advertising and marketing with Blueshift and VidMob (ADM202)**
- **Use Case:** Accelerating creative development and optimizing marketing campaigns using generative AI.
- **Solution:** AWS generative AI services
- **Customer Story:** Blueshift and VidMob leverage AWS generative AI to improve personalization, maximize content value, and optimize return on ad spend (ROAS).

### Conclusion

The ADM industry is increasingly leveraging AWS services to drive innovation, enhance customer experiences, and ensure data privacy. Key trends observed across the videos include:

1. **Privacy-enhanced Data Collaboration:** Companies like Xmars and DIRECTV are using AWS Clean Rooms to ensure secure and privacy-compliant data sharing for advertising campaigns.
  
2. **Unified Customer Profiles:** United Airlines demonstrates the power of AWS Entity Resolution and AWS Clean Rooms in creating comprehensive customer views, leading to personalized experiences and optimized business operations.

3. **Generative AI for Marketing:** Grab, Blueshift, and VidMob showcase the use of AWS generative AI services to enrich customer insights, automate creative processes, and optimize campaign performance.

4. **Ad Monetization Solutions:** The deployment of Prebid Server on AWS highlights the benefits of using AWS for real-time ad auctions, enabling businesses to maximize revenue from digital content.

Overall, AWS provides a robust ecosystem of services that enable the ADM industry to innovate, collaborate securely, and deliver impactful, personalized advertising experiences."
AES,3,"AWS re:Invent 2024 - How ICEYE uses satellite data & generative AI to speed flood response (AES305)
AWS re:Invent 2024 - Scepter, Inc. uses big data to reduce methane emissions (AES301)
AWS re:Invent 2024 - Getting better image analysis with generative AI (AES307)","### Detailed Analysis

**Video 1: AWS re:Invent 2024 - How ICEYE uses satellite data & generative AI to speed flood response (AES305)**
- **Use Case:** The main use case is to provide critical insights before, during, and after flood events to speed up response times and mitigate the impact of floods.
- **Solution:** 
  - AWS services used: Amazon Bedrock for generative AI models, synthetic aperture radar (SAR) satellite imagery, and integration of ground measurements and social media data.
- **Customer Story:** ICEYE, a company with the world’s largest constellation of SAR satellites, leverages AWS to build scalable and resilient solutions for flood response.

**Video 2: AWS re:Invent 2024 - Scepter, Inc. uses big data to reduce methane emissions (AES301)**
- **Use Case:** The main use case is to monitor and mitigate methane emissions to help industries meet sustainability goals and regulatory requirements.
- **Solution:** 
  - AWS services used: ScepterAir data fusion platform utilizing advanced AWS Cloud services for analyzing and extracting insights from various data sources (ground-based, airborne, and in-orbit).
- **Customer Story:** Scepter, Inc. works with customers like ExxonMobil to aggregate vast datasets, pinpoint emissions, and provide atmospheric monitoring capabilities across multiple industries.

**Video 3: AWS re:Invent 2024 - Getting better image analysis with generative AI (AES307)**
- **Use Case:** The main use case is to improve the efficiency and quality of image analysis using generative AI.
- **Solution:** 
  - AWS services used: Generative AI models on AWS, tips and tricks shared by AWS generative AI experts for building effective prompts.
- **Customer Story:** While this video does not focus on a specific customer, it provides general insights and best practices for using generative AI in image analysis.

### Conclusion

The AES (Aerospace and Satellite) industry is increasingly leveraging AWS services to address critical environmental and operational challenges. Key trends observed across the videos include:

1. **Integration of Satellite Data and AI:** Companies like ICEYE are using satellite imagery combined with generative AI to provide timely and actionable insights during natural disasters.
2. **Big Data Analytics for Environmental Monitoring:** Scepter, Inc. demonstrates the power of aggregating and analyzing vast datasets to monitor and reduce methane emissions, showcasing the importance of data fusion platforms powered by AWS.
3. **Generative AI for Enhanced Image Analysis:** The use of generative AI to improve image analysis is highlighted, emphasizing the need for effective prompt engineering and current data feeding to achieve high-quality results.

Overall, AWS services such as Amazon Bedrock, advanced cloud services for data fusion, and expert guidance on generative AI are pivotal in enabling AES industry players to innovate and address complex challenges effectively."
AUT,7,"AWS re:Invent 2024 - Using machine learning to enhance the online car-shopping experience (AUT205)
AWS re:Invent 2024 - Transforming AV/ADAS development at Continental with generative AI (AUT307)
AWS re:Invent 2024 - Learnings from BMW's global software development platform on AWS (AUT319)
AWS re:Invent 2024 - How Ford unlocked real-time insights using Apache Iceberg on AWS (AUT311)
AWS re:Invent 2024 - Honda’s EV charging experience with Amazon Bedrock and AWS IoT Core (AUT202)
AWS re:Invent 2024 - Toyota drives innovation & enhances operational efficiency with gen AI (AUT201)
AWS re:Invent 2024 - How Rivian accelerated ADAS development on AWS (AUT318)","### Detailed Analysis

**Video 1: AWS re:Invent 2024 - Using machine learning to enhance the online car-shopping experience (AUT205)**
- **Use Case:** Enhancing the digital customer experience in the online car-shopping process.
- **Solution:** AWS machine learning services and streaming analytics, including Amazon SageMaker.
- **Customer Story:** CarGurus uses AWS to build its ML platform, providing accelerated vehicle search functionality, pricing insights, and personalized vehicle recommendations.

**Video 2: AWS re:Invent 2024 - Transforming AV/ADAS development at Continental with generative AI (AUT307)**
- **Use Case:** Accelerating the development process for autonomous vehicles (AV) and advanced driver-assistance systems (ADAS).
- **Solution:** AWS services for data management, tool chain integration, and generative AI for identifying relevant data within multi-modal datasets.
- **Customer Story:** Continental collaborates with AWS to streamline AV/ADAS development, leveraging generative AI to manage and fine-tune model training data.

**Video 3: AWS re:Invent 2024 - Learnings from BMW's global software development platform on AWS (AUT319)**
- **Use Case:** Establishing a resilient and efficient global software development platform.
- **Solution:** AWS services for CI/CD, dynamic instance provisioning, and FinOps strategies for cost optimization.
- **Customer Story:** BMW Group scaled its BMW Software Factory on AWS, running over 165,000 CI/CD builds daily and employing FinOps to drive cost optimizations and improve developer productivity.

**Video 4: AWS re:Invent 2024 - How Ford unlocked real-time insights using Apache Iceberg on AWS (AUT311)**
- **Use Case:** Processing real-time data from connected vehicles to enhance customer experiences and drive operational efficiencies.
- **Solution:** AWS services including Apache Iceberg for a petabyte-scale data lake.
- **Customer Story:** Ford developed the Event Store using AWS to process 4 TB of real-time data daily, improving data management and reducing SLAs by 50%.

**Video 5: AWS re:Invent 2024 - Honda’s EV charging experience with Amazon Bedrock and AWS IoT Core (AUT202)**
- **Use Case:** Redefining the in-vehicle EV charging experience with personalized, connected, and intelligent solutions.
- **Solution:** Amazon Bedrock and AWS IoT Core for generative AI and IoT integration.
- **Customer Story:** Honda uses AWS to deliver personalized charging recommendations and route guidance by integrating battery health data, driving patterns, and available charging stations.

**Video 6: AWS re:Invent 2024 - Toyota drives innovation & enhances operational efficiency with gen AI (AUT201)**
- **Use Case:** Leveraging generative AI to drive innovation, boost productivity, and enhance operational efficiency.
- **Solution:** Generative AI initiatives including knowledge capture, reducing mean time to repair, and accelerating mainframe modernization.
- **Customer Story:** Toyota uses generative AI to transfer institutional knowledge, reduce equipment repair times, decrease battery scrappage, and modernize mainframes more efficiently.

**Video 7: AWS re:Invent 2024 - How Rivian accelerated ADAS development on AWS (AUT318)**
- **Use Case:** Developing, simulating, and releasing new advanced driver-assistance system (ADAS) features.
- **Solution:** AWS cloud services for data ingestion, perception model training, simulation, and edge deployment.
- **Customer Story:** Rivian built an end-to-end pipeline on AWS to accelerate and scale ADAS feature development, optimizing costs across data ingest, compute, storage, and simulation.

### Conclusion

The automotive industry is increasingly leveraging AWS services to drive innovation, enhance customer experiences, and improve operational efficiencies. Key trends observed across these videos include:

1. **Machine Learning and Generative AI:** Companies like CarGurus, Continental, Honda, and Toyota are using AWS machine learning services and generative AI to personalize customer experiences, streamline development processes, and capture institutional knowledge.

2. **Real-Time Data Processing:** Ford and Rivian highlight the importance of processing real-time data from connected vehicles to gain insights and accelerate feature development.

3. **CI/CD and FinOps:** BMW’s global software development platform demonstrates the value of AWS services in scaling CI/CD processes and implementing FinOps strategies for cost optimization and developer productivity.

4. **IoT Integration:** Honda’s EV charging experience showcases the integration of AWS IoT Core with generative AI to provide intelligent, connected solutions for EV owners.

Overall, AWS is enabling automotive companies to innovate rapidly, optimize costs, and deliver enhanced experiences to their customers through a combination of advanced technologies and robust cloud services."
ENU,8,"AWS re:Invent 2024 -Predictive maintenance and optimization of electrical submersible pumps (ENU310)
AWS re:Invent 2024 - Achieving dynamic power grid operations with AWS (ENU101)
AWS re:Invent 2024 - Accelerate control system upgrades through AWS and evergreen testing (ENU306)
AWS re:Invent 2024 - Powering the future: NextEra Energy’s journey with generative AI (ENU309)
AWS re:Invent 2024 - bp's energy trading digital transformation on AWS (ENU308)
AWS re:Invent 2024 - An open collaboration for HPC acceleration (ENU305)
AWS re:Invent 2024 - All-in on AWS: Transforming production operations with AWS (ENU307)
AWS re:Invent 2024 - Leveraging technology and leadership to accelerate energy innovation (ENU201)","### Detailed Analysis

**Video 1: AWS re:Invent 2024 - Predictive maintenance and optimization of electrical submersible pumps (ENU310)**
- **Use Case:** Optimizing the performance and reliability of electrical submersible pumps (ESPs) in the Permian Basin.
- **Solution:** AWS advanced machine learning and AI capabilities, hybrid physics-based and machine learning models.
- **Customer Story:** ExxonMobil collaborating with Baker Hughes and AWS.

**Video 2: AWS re:Invent 2024 - Achieving dynamic power grid operations with AWS (ENU101)**
- **Use Case:** Performing millions of calculations on real-time grid data to execute scenario analysis, simulations, and operational planning for a dynamic power grid.
- **Solution:** AWS for real-time data processing and simulations.
- **Customer Story:** General discussion on how customers are leveraging AWS, specific customer not named.

**Video 3: AWS re:Invent 2024 - Accelerate control system upgrades through AWS and evergreen testing (ENU306)**
- **Use Case:** Deploying control system software with flexibility across edge, on-premises, cloud, or hybrid environments.
- **Solution:** Cloud-ready architecture, AWS Outposts, evergreen testing.
- **Customer Story:** GE Vernova demonstrating cloud-native architecture for control system upgrades.

**Video 4: AWS re:Invent 2024 - Powering the future: NextEra Energy’s journey with generative AI (ENU309)**
- **Use Case:** Enhancing customer value, improving employee productivity, and optimizing energy operations using generative AI.
- **Solution:** AWS generative AI solutions.
- **Customer Story:** NextEra Energy’s transformation journey with generative AI.

**Video 5: AWS re:Invent 2024 - bp's energy trading digital transformation on AWS (ENU308)**
- **Use Case:** Migrating and modernizing hundreds of applications, hosting business-critical trading applications, and reinventing workflows with generative AI.
- **Solution:** Amazon EMR Serverless, cloud-native applications.
- **Customer Story:** bp trading’s digital transformation journey on AWS.

**Video 6: AWS re:Invent 2024 - An open collaboration for HPC acceleration (ENU305)**
- **Use Case:** Transforming the execution and operation of traditional energy high performance computing (HPC) applications.
- **Solution:** Energy HPC Orchestrator (EHO), cloud-native framework.
- **Customer Story:** Collaborative effort among operators, software providers, and academia.

**Video 7: AWS re:Invent 2024 - All-in on AWS: Transforming production operations with AWS (ENU307)**
- **Use Case:** Simplifying from multicloud to go all-in on AWS for oil and gas production operations.
- **Solution:** AWS for cloud migration and transformation.
- **Customer Story:** bpx energy’s transition to AWS for production operations.

**Video 8: AWS re:Invent 2024 - Leveraging technology and leadership to accelerate energy innovation (ENU201)**
- **Use Case:** Addressing diversity and inclusion in the energy sector to drive innovation.
- **Solution:** General discussion on the importance of technology and leadership.
- **Customer Story:** Broad industry discussion, no specific customer named.

### Conclusion

The ENU (Energy) industry is increasingly leveraging AWS services to drive innovation, efficiency, and sustainability. Key trends observed across the videos include:

1. **Predictive Maintenance and Optimization:** Companies like ExxonMobil are using AWS machine learning and AI to predict and prevent equipment failures, reducing downtime and maintenance costs.
  
2. **Dynamic Power Grid Operations:** AWS is enabling real-time data processing and simulations to support the shift to renewable energy and a more dynamic power grid.

3. **Control System Upgrades:** GE Vernova and others are adopting cloud-native architectures to facilitate flexible and secure control system upgrades without disrupting operations.

4. **Generative AI in Energy Operations:** NextEra Energy is utilizing generative AI to enhance various aspects of their operations, from customer service to employee productivity.

5. **Digital Transformation:** bp is migrating critical applications to the cloud and modernizing workflows with generative AI, achieving significant cost savings and efficiency.

6. **HPC Acceleration:** The Energy HPC Orchestrator framework is fostering an open collaboration environment for innovative HPC solutions in the energy sector.

7. **All-in Cloud Strategy:** bpx energy is transitioning entirely to AWS to simplify operations and enhance production capabilities.

8. **Diversity and Inclusion:** The industry is recognizing the importance of inclusive leadership and diverse workforces to drive technological innovation.

Overall, AWS is playing a crucial role in enabling the ENU industry to achieve operational excellence, sustainability, and innovation through advanced cloud technologies and collaborative frameworks."
FSI,15,"AWS re:Invent 2024 - Fidelity Investments: Building for mission-critical resilience (FSI318)
AWS re:Invent 2024 - Bloomberg: Lessons learned from building and training LLMs on AWS (FSI320)
AWS re:Invent 2024 - New tools, no limits: Pushing the envelope in financial services (FSI201)
AWS re:Invent 2024 - New York Life: Data platform modernization to generative AI innovation (FSI324)
AWS re:Invent 2024 - JPMorganChase: Real-time fraud screening at massive scale (FSI315)
AWS re:Invent 2024 - Beyond productivity: Using generative AI to grow in financial services (FSI202)
AWS re:Invent 2024 - How Stripe achieves five and a half 9s of availability (FSI321)
AWS re:Invent 2024 - Scaling secure large language models with Robinhood (FSI317)
AWS re:Invent 2024 - Allianz Germany: Accelerating legacy migration with generative AI (FSI323)
AWS re:Invent 2024 - S&P Global: Scaling data insights with fine-tuned foundational models (FSI313)
AWS re:Invent 2024 - NatWest: Personalizing customer experience with Amazon Connect & AI/ML (FSI316)
AWS re:Invent 2024 - Klarna: Accelerating credit decisioning with real-time data processing (FSI319)
AWS re:Invent 2024 - Replatforming for reinvention: Modernizing mainframes at Goldman Sachs (FSI312)
AWS re:Invent 2024 - How Vanguard rebuilt its mission-critical trading application on AWS (FSI322)
AWS re:Invent 2024 - BBVA: Building a multi-region, multi-country data platform at scale (FSI310)","### Detailed Analysis

**Video 1: AWS re:Invent 2024 - Fidelity Investments: Building for mission-critical resilience (FSI318)**
- **Use Case:** Ensuring uninterrupted operations and maintaining customer confidence and regulatory compliance.
- **Solution:** AWS Fault Injection Service, Amazon EC2, Amazon EKS.
- **Customer Story:** Fidelity Investments transformed its trade processing platform on AWS, practicing chaos engineering to enhance resiliency.

**Video 2: AWS re:Invent 2024 - Bloomberg: Lessons learned from building and training LLMs on AWS (FSI320)**
- **Use Case:** Secure and efficient model training for generative AI capabilities.
- **Solution:** AWS infrastructure, data storage, and transit pathways.
- **Customer Story:** Bloomberg shares lessons from building and training large and small language models on AWS, emphasizing automation and templating for efficiency.

**Video 3: AWS re:Invent 2024 - New tools, no limits: Pushing the envelope in financial services (FSI201)**
- **Use Case:** Harnessing new technologies to innovate and differentiate in the financial services industry.
- **Solution:** AWS infrastructure and services.
- **Customer Story:** Industry leaders discuss using AWS to rethink industry offerings, build anticipatory products, and evolve business models.

**Video 4: AWS re:Invent 2024 - New York Life: Data platform modernization to generative AI innovation (FSI324)**
- **Use Case:** Modernizing on-premises data platform to enhance analytics and performance.
- **Solution:** AWS Lambda, AWS Glue, Amazon RDS, Amazon Redshift, Amazon SageMaker, Amazon Bedrock.
- **Customer Story:** New York Life built a scalable data lake and reporting platform on AWS, accelerating their generative AI journey.

**Video 5: AWS re:Invent 2024 - JPMorganChase: Real-time fraud screening at massive scale (FSI315)**
- **Use Case:** Real-time fraud screening for high-volume payment processing.
- **Solution:** Amazon EKS, Amazon DynamoDB, Amazon MSK.
- **Customer Story:** JPMorganChase built a fraud screening platform that performs thousands of checks per second, reducing manual reviews and increasing accuracy.

**Video 6: AWS re:Invent 2024 - Beyond productivity: Using generative AI to grow in financial services (FSI202)**
- **Use Case:** Leveraging generative AI to automate tasks and create business value.
- **Solution:** AWS generative AI services.
- **Customer Story:** Financial institutions share how they use generative AI to engage customers, identify sales opportunities, and drive new product adoption.

**Video 7: AWS re:Invent 2024 - How Stripe achieves five and a half 9s of availability (FSI321)**
- **Use Case:** Ensuring high availability and fault tolerance for global transaction processing.
- **Solution:** AWS global infrastructure, monitoring systems, incident response workflows.
- **Customer Story:** Stripe shares architectural patterns and operational practices to achieve 99.9995% uptime.

**Video 8: AWS re:Invent 2024 - Scaling secure large language models with Robinhood (FSI317)**
- **Use Case:** Scaling AI capabilities while preserving customer confidentiality.
- **Solution:** Amazon Bedrock, LLM gateways.
- **Customer Story:** Robinhood discusses its LLM platform architecture and use of Amazon Bedrock for secure, private inference.

**Video 9: AWS re:Invent 2024 - Allianz Germany: Accelerating legacy migration with generative AI (FSI323)**
- **Use Case:** Migrating legacy insurance contracts with minimal manual effort.
- **Solution:** Amazon Bedrock, AWS Lambda, AWS Step Functions.
- **Customer Story:** Allianz built an intelligent document processing pipeline to automate contract attribute extraction.

**Video 10: AWS re:Invent 2024 - S&P Global: Scaling data insights with fine-tuned foundational models (FSI313)**
- **Use Case:** Processing large volumes of data for content curation and risk scoring.
- **Solution:** Amazon SageMaker, Amazon EKS.
- **Customer Story:** S&P Global fine-tunes models and scales them on Amazon EKS for efficient data processing.

**Video 11: AWS re:Invent 2024 - NatWest: Personalizing customer experience with Amazon Connect & AI/ML (FSI316)**
- **Use Case:** Improving customer experience in contact centers using AI/ML.
- **Solution:** Amazon Connect, Contact Lens, Amazon Q in Connect.
- **Customer Story:** NatWest uses Amazon Connect features to analyze customer sentiment and personalize interactions.

**Video 12: AWS re:Invent 2024 - Klarna: Accelerating credit decisioning with real-time data processing (FSI319)**
- **Use Case:** Making fast and accurate credit decisions in real time.
- **Solution:** Amazon DynamoDB, AWS Glue.
- **Customer Story:** Klarna scales credit decisioning using data pipelines to process vast amounts of customer data.

**Video 13: AWS re:Invent 2024 - Replatforming for reinvention: Modernizing mainframes at Goldman Sachs (FSI312)**
- **Use Case:** Migrating a mission-critical mainframe while ensuring scalability, availability, and security.
- **Solution:** Amazon EBS, AWS Elastic Disaster Recovery, Amazon RDS.
- **Customer Story:** Goldman Sachs migrated its InvestOne platform, overcoming challenges with COBOL development and deployment.

**Video 14: AWS re:Invent 2024 - How Vanguard rebuilt its mission-critical trading application on AWS (FSI322)**
- **Use Case:** Rebuilding a retail investor trading platform for higher resiliency and performance.
- **Solution:** AWS Fargate for Amazon ECS, Amazon Aurora PostgreSQL-Compatible Edition, Amazon DynamoDB.
- **Customer Story:** Vanguard achieved 99.99% availability and faster feature development on AWS.

**Video 15: AWS re:Invent 2024 - BBVA: Building a multi-region, multi-country data platform at scale (FSI310)**
- **Use Case:** Creating a global data platform for automated insights, operational efficiencies, and customer attraction.
- **Solution:** Amazon Athena, AWS Lake Formation, Amazon SageMaker, Amazon EMR.
- **Customer Story:** BBVA built a multi-region data platform with an emphasis on security, compliance, and generative AI readiness.

### Conclusion

The FSI industry is increasingly leveraging AWS services to drive innovation, enhance operational resilience, and deliver superior customer experiences. Key trends include the adoption of generative AI for automation and business growth, the modernization of legacy systems to cloud-native architectures, and the implementation of robust data platforms for real-time analytics and decision-making. Customers like Fidelity Investments, Bloomberg, JPMorganChase, and Goldman Sachs are utilizing a variety of AWS solutions—such as Amazon EKS, Amazon SageMaker, and AWS Fault Injection Service—to achieve mission-critical resilience, scale AI capabilities, and ensure high availability. These case studies highlight the transformative impact of AWS on the FSI sector, demonstrating how cutting-edge technologies are enabling financial institutions to stay competitive and meet evolving customer needs."
GAM,6,"AWS re:Invent 2024 - Scaling generative AI models for millions of users in Roblox  (GAM310)
AWS re:Invent 2024 - The evolution story of game architecture: PUBG: Battlegrounds, Krafton (GAM311)
AWS re:Invent 2024 - Effortless game launches: How League of Legends runs at scale on AWS (GAM307)
AWS re:Invent 2024 - Scaling GPU infrastructure and using LLMs for Roblox's metaverse (GAM312)
AWS re:Invent 2024 - How Star Wars: Hunters got to the next level with Amazon GameLift (GAM308)
AWS re:Invent 2024 - How Supercell’s newest game launched with tens of millions of players (GAM309)","### Detailed Analysis

**Video 1: AWS re:Invent 2024 - Scaling generative AI models for millions of users in Roblox (GAM310)**
- **Use Case:** Scaling generative AI models to serve millions of users on the Roblox platform.
- **Solution:** 
  - AWS Deep Learning Containers
  - Amazon EKS
  - Amazon EC2 UltraClusters
- **Customer Story:** Roblox, a large online metaverse platform, integrates AWS services to rapidly scale their ML infrastructure and improve model training efficiency for large-scale, multi-node distributed workloads.

**Video 2: AWS re:Invent 2024 - The evolution story of game architecture: PUBG: Battlegrounds, Krafton (GAM311)**
- **Use Case:** Evolving game architecture to support millions of concurrent users globally for ""PUBG: Battlegrounds.""
- **Solution:** 
  - Amazon EKS
  - AWS Graviton
  - AWS Global Accelerator
- **Customer Story:** Krafton transitioned ""PUBG: Battlegrounds"" from a legacy Windows server structure to a modern AWS architecture, enhancing stability and global reach.

**Video 3: AWS re:Invent 2024 - Effortless game launches: How League of Legends runs at scale on AWS (GAM307)**
- **Use Case:** Revolutionizing game server infrastructure to handle dynamic player demand for ""League of Legends"" and other Riot Games titles.
- **Solution:** 
  - AWS Auto Scaling
  - Custom Game Provisioning Platform
- **Customer Story:** Riot Games uses AWS to cut costs and rapidly respond to player demand, enabling creative updates and new game modes.

**Video 4: AWS re:Invent 2024 - Scaling GPU infrastructure and using LLMs for Roblox's metaverse (GAM312)**
- **Use Case:** Forecasting and scaling GPU infrastructure to meet the demands of Roblox’s growing metaverse.
- **Solution:** 
  - GPU infrastructure scaling strategies
  - Large Language Models (LLMs)
- **Customer Story:** Roblox leverages advanced computational resources and LLMs to ensure a seamless experience for millions of users in their metaverse.

**Video 5: AWS re:Invent 2024 - How Star Wars: Hunters got to the next level with Amazon GameLift (GAM308)**
- **Use Case:** Supporting the global launch of a real-time multiplayer game, ""Star Wars: Hunters.""
- **Solution:** 
  - Amazon GameLift
- **Customer Story:** Zynga uses Amazon GameLift for global presence, auto scaling, and matchmaking to ensure a smooth worldwide launch.

**Video 6: AWS re:Invent 2024 - How Supercell’s newest game launched with tens of millions of players (GAM309)**
- **Use Case:** Ensuring a seamless global launch for Supercell’s new game, ""Squad Busters,"" with massive user influx.
- **Solution:** 
  - Amazon EC2 Auto Scaling
  - AWS Graviton
  - Amazon Aurora I/O-Optimized storage
  - AWS Countdown
  - Amazon CloudFront
- **Customer Story:** Supercell uses a combination of AWS services to manage backend infrastructure and handle tens of millions of players at launch.

### Conclusion

The GAM industry is increasingly leveraging AWS services to address the complex challenges of scaling, performance, and user experience. Key trends observed across these videos include:

1. **Adoption of Containerized and Serverless Architectures:** Companies like Roblox and Krafton are transitioning to modern architectures using services like Amazon EKS and AWS Lambda to enhance flexibility and scalability.
  
2. **Use of Auto Scaling and Dynamic Resource Management:** Riot Games and Supercell utilize AWS Auto Scaling to manage fluctuating player demand efficiently, reducing costs and improving responsiveness.

3. **Advanced Infrastructure for Generative AI and Metaverse Applications:** Roblox is at the forefront of using generative AI and large-scale GPU infrastructure to create immersive experiences, showcasing the potential of AWS services in innovative applications.

4. **Global Presence and Low Latency:** Services like Amazon GameLift and AWS Global Accelerator are critical for ensuring low-latency, high-performance gaming experiences worldwide, as demonstrated by Zynga and Supercell.

Overall, AWS provides a robust ecosystem of services that enable GAM companies to innovate, scale, and deliver exceptional user experiences."
HLS,9,"AWS re:Invent 2024 - Accelerating healthcare & life sciences innovation with generative AI (HLS201)
AWS re:Invent 2024 - Claude's role in streamlining drug development (HLS213)
AWS re:Invent 2024 - Creating powerful member experiences: Cigna’s AWS HealthLake journey (HLS220)
AWS re:Invent 2024 - Scale clinical diagnostic operations: Natera's genomic innovation (HLS206)
AWS re:Invent 2024 - Geisinger's epic journey: Scaling EHR operations on AWS (HLS207)
AWS re:Invent 2024 - Improve clinical trial coverage analysis with generative AI (HLS212)
AWS re:Invent 2024 - Froedtert Health transforms patient engagement with generative AI (HLS214)
AWS re:Invent 2024 - How Merck improves drug design with biological foundation models (HLS215)
AWS re:Invent 2024 - Accelerate healthcare innovation: TriZetto's data-powered approach (HLS208)","### Detailed Analysis

**Video 1: AWS re:Invent 2024 - Accelerating healthcare & life sciences innovation with generative AI (HLS201)**
- **Use Case:** Integrating generative AI throughout healthcare and life sciences organizations to deliver business value in drug discovery, clinical trials, and patient care.
- **Solution:** AWS generative AI services, enterprise-wide data strategies, and data systems to break down internal data silos.
- **Customer Story:** Leading healthcare and life sciences organizations (specific names not mentioned).

**Video 2: AWS re:Invent 2024 - Claude's role in streamlining drug development (HLS213)**
- **Use Case:** Using generative AI to revolutionize drug development workflows, including rapid protocol creation for clinical trials and efficient generation of safety narratives.
- **Solution:** Anthropic's Claude AI model integrated with AWS services.
- **Customer Story:** Leading life sciences companies (specific names not mentioned).

**Video 3: AWS re:Invent 2024 - Creating powerful member experiences: Cigna’s AWS HealthLake journey (HLS220)**
- **Use Case:** Migrating data interoperability platform to AWS HealthLake to lower TCO, improve scalability, and deliver personalized member experiences.
- **Solution:** AWS HealthLake, unified data interoperability layer.
- **Customer Story:** Cigna.

**Video 4: AWS re:Invent 2024 - Scale clinical diagnostic operations: Natera's genomic innovation (HLS206)**
- **Use Case:** Transforming genomic data processing and unlocking clinical insights through scalable and cost-effective processing of clinical tests.
- **Solution:** AWS HealthOmics, AWS integration for laboratory data workflows.
- **Customer Story:** Natera.

**Video 5: AWS re:Invent 2024 - Geisinger's epic journey: Scaling EHR operations on AWS (HLS207)**
- **Use Case:** Optimizing costs, creating efficiencies, and improving clinician and staff experience by scaling EHR operations on AWS.
- **Solution:** AWS cloud services for EHR migration, FinOps practices.
- **Customer Story:** Geisinger.

**Video 6: AWS re:Invent 2024 - Improve clinical trial coverage analysis with generative AI (HLS212)**
- **Use Case:** Streamlining the analysis of complex clinical trial documents using generative AI to automate extraction of critical information.
- **Solution:** Amazon Bedrock, API to Smartsheet.
- **Customer Story:** Huron.

**Video 7: AWS re:Invent 2024 - Froedtert Health transforms patient engagement with generative AI (HLS214)**
- **Use Case:** Building a transformative digital health platform using AWS to create AI-driven applications for patient engagement.
- **Solution:** Amazon SageMaker, AWS Lambda, serverless architecture.
- **Customer Story:** Froedtert & the Medical College of Wisconsin (MCW).

**Video 8: AWS re:Invent 2024 - How Merck improves drug design with biological foundation models (HLS215)**
- **Use Case:** Modernizing drug discovery process with biological foundation models to scale and unlock new insights.
- **Solution:** AWS HealthOmics.
- **Customer Story:** Merck.

**Video 9: AWS re:Invent 2024 - Accelerate healthcare innovation: TriZetto's data-powered approach (HLS208)**
- **Use Case:** Modernizing software and processes to unlock the power of data for healthcare payers and providers.
- **Solution:** AWS cloud services for migrating mission-critical products, advanced analytics, and AI.
- **Customer Story:** Cognizant® TriZetto®.

### Conclusion

The HLS industry is increasingly leveraging AWS services to drive innovation, improve operational efficiency, and enhance patient outcomes. Key trends observed across the videos include:

1. **Generative AI Integration:** Many organizations are adopting generative AI to streamline workflows, from drug discovery and clinical trials to patient care and administrative tasks. AWS services like Amazon Bedrock and HealthOmics play a crucial role in these initiatives.

2. **Data Interoperability and Management:** Solutions like AWS HealthLake are enabling better data interoperability and management, allowing organizations to break down data silos and create unified data strategies.

3. **Cloud Migration for Scalability and Cost Efficiency:** Migrating to AWS cloud services is a common theme, with organizations like Geisinger and Cigna achieving significant performance and cost improvements. FinOps practices are also highlighted as critical for optimizing cloud spend.

4. **Personalized Patient Experiences:** AWS services are being used to create more personalized and engaging patient experiences, as seen with Froedtert Health’s digital health platform.

5. **Advanced Analytics and AI:** The use of advanced analytics and AI is pervasive, helping organizations like TriZetto and Merck to drive innovation and reduce operational costs.

Overall, AWS is enabling the HLS industry to harness the power of technology to deliver better healthcare solutions and improve patient outcomes."
MAE,7,"AWS re:Invent 2024 - Never a slow news day: Transforming 24/7 news operations (MAE204)
AWS re:Invent 2024 - Sky: Enhancing sports experiences with automation and generative AI (MAE202)
AWS re:Invent 2024 - Reinventing entertainment (MAE203)
AWS re:Invent 2024 - AWS unplugged: Creating music remotely with UMG (MAE205)
AWS re:Invent 2024 - Scaling technology for millions of cricket fans on AWS (MAE309)
AWS re:Invent 2024 - Optimizing network efficiency & strengthening multicloud connectivity (MAE308)
AWS re:Invent 2024 - NHL Unlocked: Live cloud production, sports data, and alternate feeds (MAE201)","### Detailed Analysis

**Video 1: AWS re:Invent 2024 - Never a slow news day: Transforming 24/7 news operations (MAE204)**
- **Use Case:** Streamlining content production, coordinating efforts across distributed teams, driving audience engagement on multiple platforms, improving content and resource efficiency, and adopting new tools and workflows for 24/7 news coverage.
- **Solution:** AWS services such as Amazon S3 for storage, Amazon EC2 for compute, AWS Lambda for serverless functions, Amazon SageMaker for machine learning, and AWS Elemental Media services for content delivery.
- **Customer Story:** CBS News and Stations and CNN use AWS to overcome these challenges while providing continuous news coverage.

**Video 2: AWS re:Invent 2024 - Sky: Enhancing sports experiences with automation and generative AI (MAE202)**
- **Use Case:** Delivering an enhanced immersive viewing experience with up to 100 concurrent live video streams, exclusive access to documentaries, and a dedicated linear channel.
- **Solution:** AWS services including AWS Step Functions for automation, Amazon SageMaker for generative AI, AWS Elemental Media services for live streaming, and AWS Data Mesh for data integration.
- **Customer Story:** Sky Sports+ uses AWS to augment its platform capabilities across digital and linear channels.

**Video 3: AWS re:Invent 2024 - Reinventing entertainment (MAE203)**
- **Use Case:** Innovating with AWS to captivate audiences through video, gaming, music, and film, driven by changing audience preferences and new technologies.
- **Solution:** AWS services such as Amazon GameLift for gaming, AWS Elemental for media services, Amazon SageMaker for generative AI, and AWS AppConfig for configuration management.
- **Customer Story:** Industry leaders use cloud technologies to enhance engagement and monetization.

**Video 4: AWS re:Invent 2024 - AWS unplugged: Creating music remotely with UMG (MAE205)**
- **Use Case:** Providing a synchronous and bidirectional recording system for artists, producers, and songwriters to collaborate securely and efficiently.
- **Solution:** AWS services including Amazon Chime for communication, AWS Elemental Media services for media handling, and Amazon S3 for storage.
- **Customer Story:** Universal Music Group’s (UMG) Republic Records Studios, in partnership with Open Sesame, collaborates with AWS for remote music creation.

**Video 5: AWS re:Invent 2024 - Scaling technology for millions of cricket fans on AWS (MAE309)**
- **Use Case:** Architecting for 15 million concurrent fantasy sports users during the Indian Premier League (IPL).
- **Solution:** AWS services such as Amazon EC2 for compute, Amazon S3 for storage, AWS Lambda for serverless computing, Amazon SageMaker for machine learning, and custom security controls.
- **Customer Story:** Dream Sports leverages AWS to serve India’s cricket frenzy.

**Video 6: AWS re:Invent 2024 - Optimizing network efficiency & strengthening multicloud connectivity (MAE308)**
- **Use Case:** Migrating applications and data from another cloud provider to AWS while minimizing networking overhead and enhancing cross-cloud connectivity.
- **Solution:** AWS services including AWS Direct Connect for dedicated interconnects, AWS Global Accelerator for advanced routing, and AWS Network Firewall for security.
- **Customer Story:** The New York Times migrates its website, core platform, games application, cooking application, and paywall application to AWS.

**Video 7: AWS re:Invent 2024 - NHL Unlocked: Live cloud production, sports data, and alternate feeds (MAE201)**
- **Use Case:** Producing and distributing a live game entirely in the cloud to lower costs, reduce carbon emissions, and increase flexibility and creativity.
- **Solution:** AWS services such as AWS Elemental Media services for live production, Amazon S3 for storage, and AWS Lambda for serverless functions.
- **Customer Story:** The NHL uses AWS for live cloud production and engaging analytics.

### Conclusion

The MAE (Media and Entertainment) industry is increasingly leveraging AWS services to innovate and enhance their operations. Key trends include the adoption of cloud-native solutions for scalability and efficiency, the use of machine learning and generative AI to create personalized and engaging content, and the implementation of automation to streamline workflows. 

AWS services prominently featured across these videos include Amazon S3 for storage, Amazon EC2 and AWS Lambda for compute, AWS Elemental Media services for content delivery, Amazon SageMaker for machine learning, and various networking solutions for multicloud connectivity. 

Customer examples such as CBS News, CNN, Sky Sports+, Universal Music Group, Dream Sports, The New York Times, and the NHL demonstrate the versatility and effectiveness of AWS in addressing diverse challenges within the MAE industry, from news production and sports broadcasting to music creation and fantasy sports platforms."
MFG,7,"AWS re:Invent 2024 - Drive innovation by implementing an industrial data strategy (MFG316)
AWS re:Invent 2024 - How Gousto reduces food waste and increases workforce productivity (MFG202)
AWS re:Invent 2024 - Optimizing production schedules for flexible manufacturing  (MFG101)
AWS re:Invent 2024 -Volkswagen’s platform strategy enables production performance & quality (MFG207)
AWS re:Invent 2024 - Running a complex design environment on AWS (MFG205)
AWS re:Invent 2024 - Empowering the next-generation industrial operator with generative AI (MFG201)
AWS re:Invent 2024 - Closing the machine-to-cloud gap to jump-start digital transformation (MFG206)","### Detailed Analysis

**Video 1: AWS re:Invent 2024 - Drive innovation by implementing an industrial data strategy (MFG316)**
- **Use Case:** Implementing an end-to-end data strategy for manufacturers to manage and leverage their industrial and enterprise data effectively.
- **Solution:** AWS Industrial Data Fabric, a well-architected framework that includes services for ingesting, storing, querying, analyzing, visualizing, and running ML models on data.
- **Customer Story:** General discussion without a specific named customer.

**Video 2: AWS re:Invent 2024 - How Gousto reduces food waste and increases workforce productivity (MFG202)**
- **Use Case:** Building a scalable Industrial Data Fabric (IDF) to gain real-time and historical operations visibility, reducing food waste and increasing workforce productivity.
- **Solution:** AWS IoT SiteWise, AWS IoT Core, and Amazon Monitron.
- **Customer Story:** Gousto, a British meal kit retailer.

**Video 3: AWS re:Invent 2024 - Optimizing production schedules for flexible manufacturing (MFG101)**
- **Use Case:** Optimizing production schedules in custom parts manufacturing to meet rapidly shifting customer requirements while maximizing machine utilization and minimizing downtime.
- **Solution:** AWS services for real-time machine telemetry data and shop-floor optimization analytics.
- **Customer Story:** General discussion without a specific named customer.

**Video 4: AWS re:Invent 2024 - Volkswagen’s platform strategy enables production performance & quality (MFG207)**
- **Use Case:** Transitioning from manual to automatic, machine learning–based quality inspection in automotive manufacturing.
- **Solution:** Volkswagen’s Digital Production Platform leveraging AWS machine learning services.
- **Customer Story:** Volkswagen.

**Video 5: AWS re:Invent 2024 - Running a complex design environment on AWS (MFG205)**
- **Use Case:** Building and operating a secure and high-performance design platform for fab (fabrication facility) design.
- **Solution:** AWS services tailored for high performance and advanced security.
- **Customer Story:** Samsung Electronics.

**Video 6: AWS re:Invent 2024 - Empowering the next-generation industrial operator with generative AI (MFG201)**
- **Use Case:** Using generative AI to provide a natural language interface for machine diagnostic troubleshooting, reducing mean time to resolution.
- **Solution:** Amazon Bedrock.
- **Customer Story:** Georgia-Pacific (GP).

**Video 7: AWS re:Invent 2024 - Closing the machine-to-cloud gap to jump-start digital transformation (MFG206)**
- **Use Case:** Quickly deriving business value from operational data by securely managing the industrial edge to cloud data pipeline.
- **Solution:** AWS services for securely managing industrial edge to cloud data ingestion.
- **Customer Story:** Rehrig Pacific Company.

### Conclusion

The manufacturing (MFG) industry is increasingly leveraging AWS services to drive digital transformation and operational efficiency. Key trends observed across the videos include:

1. **End-to-End Data Strategies:** Manufacturers are implementing comprehensive data strategies using AWS Industrial Data Fabric to manage data from ingestion to ML model execution.
2. **Real-Time Visibility and Analytics:** Companies like Gousto are utilizing AWS IoT services to gain real-time operational visibility, reducing waste and improving productivity.
3. **Machine Learning and AI:** Volkswagen and Georgia-Pacific demonstrate the use of machine learning and generative AI to enhance quality inspection and troubleshooting, respectively.
4. **Secure and High-Performance Environments:** Samsung Electronics showcases the importance of security and performance in fab design environments running on AWS.
5. **Optimization of Production Schedules:** Custom parts manufacturers are optimizing production schedules using AWS telemetry data and analytics to meet dynamic customer demands.
6. **Edge to Cloud Integration:** Rehrig Pacific Company highlights the benefits of securely managing the machine-to-cloud data pipeline to unlock various use cases like asset monitoring and predictive maintenance.

Overall, AWS provides a robust suite of services that enable manufacturers to innovate, optimize operations, and achieve significant business benefits through digital transformation."
NFX,6,"AWS re:Invent 2024 - How Netflix handles sudden load spikes in the cloud (NFX301)
AWS re:Invent 2024 - Efficient incremental processing with Apache Iceberg at Netflix (NFX303)
AWS re:Invent 2024 - Scaling and evolving media storage at Netflix with Amazon S3 (NFX302)
AWS re:Invent 2024 - Netflix’s efficient network configuration for millions of containers (NFX306)
AWS re:Invent 2024 - Netflix's massive multi-account journey: Year two (NFX402)
AWS re:Invent 2024 - How Netflix benchmarks FMs and LLMs across hardware chipsets (NFX307)","### Detailed Analysis

**Video 1: AWS re:Invent 2024 - How Netflix handles sudden load spikes in the cloud (NFX301)**
- **Use Case:** Managing sudden traffic surges and ensuring service availability during peak times.
- **Solution:** 
  - AWS Auto Scaling
  - AWS Lambda
  - Amazon EC2
  - Amazon Route 53
  - AWS Global Accelerator
- **Customer Story:** Netflix operates across four AWS Regions and uses predictive automated pre-scaling, fast reactive auto scaling, prioritized load shedding, cross-Region traffic shifting, and targeted capacity injection to handle sudden load spikes efficiently.

**Video 2: AWS re:Invent 2024 - Efficient incremental processing with Apache Iceberg at Netflix (NFX303)**
- **Use Case:** Reducing compute costs and execution time for large-scale data workflows.
- **Solution:** 
  - Apache Iceberg
  - Netflix Maestro
  - Amazon S3
- **Customer Story:** Netflix uses Apache Iceberg and Maestro to build an incremental processing solution that processes new or changed data, reducing costs and time while ensuring data accuracy and freshness.

**Video 3: AWS re:Invent 2024 - Scaling and evolving media storage at Netflix with Amazon S3 (NFX302)**
- **Use Case:** Managing and scaling petabytes of multimedia assets.
- **Solution:** 
  - Amazon S3
  - AWS Identity and Access Management (IAM)
  - AWS Lambda
- **Customer Story:** Netflix stores billions of multimedia assets in Amazon S3, using IAM for access control and Lambda for lifecycle management, to efficiently scale their storage backend infrastructure.

**Video 4: AWS re:Invent 2024 - Netflix’s efficient network configuration for millions of containers (NFX306)**
- **Use Case:** Ensuring seamless communication and external connectivity for millions of containers.
- **Solution:** 
  - Titus (Netflix’s container management platform)
  - IPMan (Netflix’s network configuration system)
  - Amazon EC2
- **Customer Story:** Netflix uses Titus and IPMan to manage network configurations for millions of containers, ensuring efficient communication and connectivity for their SVOD, live streaming, and gaming services.

**Video 5: AWS re:Invent 2024 - Netflix's massive multi-account journey: Year two (NFX402)**
- **Use Case:** Decoupling IAM roles from compute infrastructure for better workload management.
- **Solution:** 
  - AWS Identity and Access Management (IAM)
  - AWS Organizations
  - AWS Lambda
- **Customer Story:** Netflix has been decoupling IAM roles from their applications’ compute infrastructure, housing identities in workload-specific AWS accounts to streamline management and reduce risks.

**Video 6: AWS re:Invent 2024 - How Netflix benchmarks FMs and LLMs across hardware chipsets (NFX307)**
- **Use Case:** Optimizing instance selection for deploying foundation models (FMs) and large language models (LLMs).
- **Solution:** 
  - FMBench (open-source tool by AWS)
  - Amazon EC2
  - AWS Lambda
- **Customer Story:** Netflix uses FMBench to automate the benchmarking of FM performance across various hardware chipsets, optimizing for cost, performance, and accuracy.

### Conclusion

The NFX industry, exemplified by Netflix, is leveraging a wide array of AWS services to address complex challenges and optimize their cloud infrastructure. Key trends include:

1. **Auto Scaling and Resilience:** Netflix uses AWS Auto Scaling, Lambda, and Global Accelerator to handle sudden load spikes and ensure service resilience.
2. **Efficient Data Processing:** Apache Iceberg and Maestro are employed for incremental data processing, reducing costs and improving efficiency.
3. **Scalable Media Storage:** Amazon S3 is central to Netflix’s media storage strategy, enabling the management of petabytes of data with IAM for secure access control.
4. **Container Management:** Titus and IPMan ensure efficient network configurations for millions of containers, critical for Netflix’s diverse services.
5. **Multi-Account Strategies:** Netflix’s approach to decoupling IAM roles highlights the benefits of AWS Organizations and multi-account management for enhanced security and operational efficiency.
6. **Performance Benchmarking:** FMBench aids in optimizing the deployment of FMs and LLMs across various hardware, ensuring cost-effective and high-performance solutions.

Overall, Netflix’s journey with AWS demonstrates the powerful capabilities of cloud services in handling scale, efficiency, and innovation in the streaming and media industry."
RCG,4,"AWS re:Invent 2024 - How Nykaa automates product descriptions using generative AI (RCG206)
AWS re:Invent 2024 - Building an AI-powered shopping assistant  (RCG204)
AWS re:Invent 2024 - How US Foods successfully built and scaled a generative AI sales tool  (RCG203)
AWS re:Invent 2024 - Kellanova and WK Kellogg’s cloud-powered transformation with AWS (RCG201)","### Detailed Analysis

**Video 1: AWS re:Invent 2024 - How Nykaa automates product descriptions using generative AI (RCG206)**
- **Use Case:** Improving the accuracy and completeness of online product descriptions to enhance conversion rates and revenue.
- **Solution:** Nykaa uses machine learning and generative AI to identify product attributes from images and generate standard product descriptions.
- **Customer Story:** Nykaa, India’s largest online beauty and personal care retailer, has implemented this solution to improve accuracy, productivity, and click-through rates.

**Video 2: AWS re:Invent 2024 - Building an AI-powered shopping assistant (RCG204)**
- **Use Case:** Developing AI-powered virtual assistants to help shoppers find and purchase the right products.
- **Solution:** The AWS Generative AI Labs team uses large language models to build a digital shopping assistant that provides accurate advice within the product catalog.
- **Customer Story:** The session demonstrates how retailers can leverage AWS services to create effective AI-powered shopping assistants.

**Video 3: AWS re:Invent 2024 - How US Foods successfully built and scaled a generative AI sales tool (RCG203)**
- **Use Case:** Building an automated order guide to enhance sales productivity.
- **Solution:** US Foods uses Amazon Bedrock to create and scale a generative AI sales tool.
- **Customer Story:** US Foods, a leading foodservice distributor, shares their journey from identifying the use case to securing executive buy-in and moving to production.

**Video 4: AWS re:Invent 2024 - Kellanova and WK Kellogg’s cloud-powered transformation with AWS (RCG201)**
- **Use Case:** Utilizing cloud technologies to optimize various business functions post-company split.
- **Solution:** Kellanova and WK Kellogg use AWS to optimize their SAP workloads, enhance revenue growth management, and increase sales.
- **Customer Story:** After the split, both companies relied on AWS to build a dynamic environment that leverages the cloud and AI to unlock new opportunities.

### Conclusion

The RCG industry is increasingly leveraging AWS services to drive innovation and efficiency. Key trends observed across these videos include:

1. **Automation and AI Integration:** Companies like Nykaa and US Foods are automating processes using generative AI and machine learning to improve accuracy, productivity, and customer experience.
2. **Cloud-Powered Transformation:** Kellanova and WK Kellogg demonstrate the critical role of AWS in enabling cloud-powered transformations that optimize business operations and drive growth.
3. **Enhanced Customer Experience:** The development of AI-powered shopping assistants, as shown by the AWS Generative AI Labs, highlights the industry's focus on enhancing customer experience through personalized and accurate recommendations.
4. **Scalability and Efficiency:** US Foods’ use of Amazon Bedrock to build and scale a generative AI sales tool underscores the importance of scalable solutions in meeting business demands.

Overall, these customer stories and use cases illustrate how AWS services are enabling RCG companies to innovate, optimize operations, and deliver superior customer experiences."
SPT,6,"AWS re:Invent 2024 - Driving operational excellence: F1’s AI-fueled race-day transformation (SPT206)
AWS re:Invent 2024 - How the PGA TOUR is transforming live player commentary in golf (SPT209)
AWS re:Invent 2024 - Revolutionizing sports with generative AI: The Bundesliga trailblazer (SPT207)
AWS re:Invent 2024 - How Arccos Golf is using AWS and generative AI to transform the game (SPT211)
AWS re:Invent 2024 - Security strategies in the ever-evolving media industry (SPT208)
AWS re:Invent 2024 - Launching a new league: The blueprint for tech-driven sports (SPT210)","### Detailed Analysis

**Video 1: AWS re:Invent 2024 - Driving operational excellence: F1’s AI-fueled race-day transformation (SPT206)**
- **Use Case:** Revolutionizing storytelling and race-day operations in Formula 1 through AI.
- **Solution:** 
  - AWS generative AI solutions
  - Track Pulse for real-time insights
  - AI-based assistant for issue resolution
- **Customer Story:** Formula 1 (F1); F1 leadership discusses fostering innovation and accelerating product development using AWS.

**Video 2: AWS re:Invent 2024 - How the PGA TOUR is transforming live player commentary in golf (SPT209)**
- **Use Case:** Enhancing live golf commentary with real-time player insights and trends.
- **Solution:** 
  - AWS generative AI
  - Real-time data analytics
- **Customer Story:** PGA TOUR; Development of services to make complex stats and player trends accessible to viewers.

**Video 3: AWS re:Invent 2024 - Revolutionizing sports with generative AI: The Bundesliga trailblazer (SPT207)**
- **Use Case:** Using generative AI to create engaging content and personalized experiences for fans.
- **Solution:** 
  - AWS generative AI
  - Amazon Bedrock for AI model deployment
- **Customer Story:** Bundesliga; Transforming text-based content into captivating stories and providing real-time match commentary.

**Video 4: AWS re:Invent 2024 - How Arccos Golf is using AWS and generative AI to transform the game (SPT211)**
- **Use Case:** Revolutionizing golf through advanced analytics and generative AI.
- **Solution:** 
  - AWS data pipeline
  - Amazon Bedrock for generative AI
- **Customer Story:** Arccos Golf; Using AWS to build a sophisticated data pipeline and make analytics accessible to golfers.

**Video 5: AWS re:Invent 2024 - Security strategies in the ever-evolving media industry (SPT208)**
- **Use Case:** Addressing cybersecurity challenges in the media industry.
- **Solution:** 
  - Cross-industry collaboration
  - Innovative security strategies
- **Customer Story:** Panel with Amazon, DraftKings, and NHL discussing challenges like cyberattacks and protecting intellectual property.

**Video 6: AWS re:Invent 2024 - Launching a new league: The blueprint for tech-driven sports (SPT210)**
- **Use Case:** Developing data-driven products and immersive fan experiences for new sports leagues.
- **Solution:** 
  - Data analytics
  - Technology integration for personalized engagement
- **Customer Story:** Discussion on creating new competitions like TGL, a hybrid-reality golf league.

### Conclusion

The SPT industry is increasingly leveraging AWS services to drive innovation, enhance fan engagement, and ensure operational excellence. Key trends include the adoption of generative AI for content creation and personalization, the use of advanced analytics to provide real-time insights, and the implementation of robust cybersecurity measures to protect against emerging threats. 

AWS solutions such as generative AI services, data pipelines, and security strategies are central to these transformations. Customer examples like Formula 1, PGA TOUR, Bundesliga, and Arccos Golf demonstrate the practical applications and benefits of these technologies. Overall, the industry is moving towards more immersive, data-driven experiences that strengthen the connection between leagues, teams, and fans."
TLC,6,"AWS re:Invent 2024 - Generative AI–powered graph for network digital twin (TLC202)
AWS re:Invent 2024 - Build transformative, AI-powered telco solutions with AWS (TLC204)
AWS re:Invent 2024 - O2 Telefónica Germany: 5G Core on AWS (TLC206)
AWS re:Invent 2024 - Breaking barriers: Harnessing generative AI in telecom (TLC207)
AWS re:Invent 2024 - SK Telecom's TelClaude: Redefining telco CX with generative AI on AWS (TLC203)
AWS re:Invent 2024 - AI-managed telecom ecosystem: Closer than ever (TLC205)","### Detailed Analysis

**Video 1: AWS re:Invent 2024 - Generative AI–powered graph for network digital twin (TLC202)**
- **Use Case:** Autonomous network operations enhanced by digital twins and AI/ML for fault monitoring, maintenance, and root cause analysis.
- **Solution:** Amazon Bedrock, Amazon Neptune, Amazon SageMaker
- **Customer Story:** Orange, a leading European telco, is using these AWS services to create a robust network digital twin that drives unparalleled network resilience.

**Video 2: AWS re:Invent 2024 - Build transformative, AI-powered telco solutions with AWS (TLC204)**
- **Use Case:** End-to-end transformation of telco operations using AI-powered solutions to modernize legacy systems, transform networks, unlock new revenue streams, and reimagine customer experiences.
- **Solution:** Various AWS AI and machine learning services
- **Customer Story:** Real-world examples of leading telcos modernizing with AWS, though specific customer names are not detailed in the description.

**Video 3: AWS re:Invent 2024 - O2 Telefónica Germany: 5G Core on AWS (TLC206)**
- **Use Case:** Deployment of the world's first 5G mobile core network entirely on AWS Cloud to achieve superior network agility, scalability, security, and accelerated innovation cycles.
- **Solution:** AWS Cloud services
- **Customer Story:** O2 Telefónica Germany, in collaboration with Nokia, showcasing the benefits of a cloud-native 5G Core.

**Video 4: AWS re:Invent 2024 - Breaking barriers: Harnessing generative AI in telecom (TLC207)**
- **Use Case:** Utilizing generative AI to create inclusive digital experiences across various sectors in telecommunications.
- **Solution:** AWS collaborations with NVIDIA and Anthropic, various AWS AI services
- **Customer Story:** Real-world examples from BT, SKT, and AT&T using innovative AI-driven platforms.

**Video 5: AWS re:Invent 2024 - SK Telecom's TelClaude: Redefining telco CX with generative AI on AWS (TLC203)**
- **Use Case:** Elevating customer experiences and driving operational efficiency using generative AI.
- **Solution:** AWS Generative AI Innovation Center, Anthropic’s Claude 3
- **Customer Story:** SK Telecom, South Korea’s largest wireless carrier, customizing and fine-tuning generative AI for the telecommunications domain and Korean language.

**Video 6: AWS re:Invent 2024 - AI-managed telecom ecosystem: Closer than ever (TLC205)**
- **Use Case:** Transforming SaaS platforms’ development and delivery processes using serverless, AI-powered solutions.
- **Solution:** Amazon Bedrock, serverless technologies
- **Customer Story:** Amdocs, enhancing productivity and reducing manual efforts through AI integration in their development pipeline.

### Conclusion

The TLC industry is increasingly leveraging AWS services to drive innovation, enhance operational efficiency, and improve customer experiences. Key trends observed across these videos include:

1. **Adoption of Generative AI:** Telcos are harnessing generative AI to create inclusive digital experiences and redefine customer service. Examples include SK Telecom’s TelClaude and collaborations with NVIDIA and Anthropic.
  
2. **Digital Twins and AI/ML:** The use of digital twins combined with AI/ML is revolutionizing network operations, as demonstrated by Orange’s autonomous network solution.

3. **5G Core on Cloud:** The deployment of 5G Core networks on AWS Cloud is enabling superior agility, scalability, and security, as showcased by O2 Telefónica Germany.

4. **AI-Managed Ecosystems:** Telcos like Amdocs are transforming their SaaS platforms using serverless and AI-powered solutions to streamline development and delivery processes.

5. **End-to-End Transformation:** AWS is empowering telcos to modernize legacy systems, transform networks, and unlock new revenue streams through AI-driven solutions.

Overall, AWS is playing a pivotal role in helping the TLC industry achieve unprecedented levels of innovation and efficiency."
WPS,10,"AWS re:Invent 2024 - The journey and challenges of operationalizing generative AI at FINRA (WPS320)
AWS re:Invent 2024 - Democratizing access to higher education for 1.2 million students (WPS319)
AWS re:Invent 2024 - Armed Forces unite: Connecting data across domains (WPS212)
AWS re:Invent 2024 - Braving the storm: TJRS’s 3-week cloud migration amid disaster (WPS205)
AWS re:Invent 2024 - Igniting public sector innovation for a better tomorrow (WPS202)
AWS re:Invent 2024 - Generative AI for public good: Empowering governments and the UN (WPS104)
AWS re:Invent 2024 - Practical application of generative AI chatbots in the public sector  (WPS206)
AWS re:Invent 2024 - Boost fundraising with hyper-personalization powered by Amazon Bedrock (WPS201)
AWS re:Invent 2024 - How generative AI can transform service delivery (WPS321)
AWS re:Invent 2024 - Accelerate business and mission outcomes with AWS Government Regions (WPS315)","### Detailed Analysis

**Video 1: AWS re:Invent 2024 - The journey and challenges of operationalizing generative AI at FINRA (WPS320)**
- **Use Case:** Operationalizing generative AI within a regulatory organization to enhance decision-making and operational efficiency.
- **Solution:** AWS generative AI services, Amazon Q, sophisticated analytics, and cloud operations.
- **Customer Story:** FINRA, a regulatory organization that manages over an exabyte of data and is now scaling generative AI across the enterprise.

**Video 2: AWS re:Invent 2024 - Democratizing access to higher education for 1.2 million students (WPS319)**
- **Use Case:** Using AWS to support a digital application system for higher education, enabling millions of students to apply for university vacancies.
- **Solution:** AWS platform, including compute, storage, and networking services.
- **Customer Story:** Brazilian Ministry of Education, which collaborated with AWS to facilitate 1.27 million student applications for 460,000 vacancies across 127 public institutions.

**Video 3: AWS re:Invent 2024 - Armed Forces unite: Connecting data across domains (WPS212)**
- **Use Case:** Enhancing data-driven decision-making across the US Armed Forces using advanced technologies.
- **Solution:** AWS advanced technologies for secure and efficient data sharing.
- **Customer Story:** US Department of Defense, with leadership from each branch of the Armed Forces discussing data-driven strategies.

**Video 4: AWS re:Invent 2024 - Braving the storm: TJRS’s 3-week cloud migration amid disaster (WPS205)**
- **Use Case:** Expedited cloud migration of a judicial system in response to a natural disaster.
- **Solution:** AWS cloud services for data migration, VMs, integrations, and database management.
- **Customer Story:** Tribunal de Justiça do Rio Grande do Sul (TJRS), which migrated over 200TB of data and 80 VMs to AWS in three weeks despite adverse conditions.

**Video 5: AWS re:Invent 2024 - Igniting public sector innovation for a better tomorrow (WPS202)**
- **Use Case:** Exploring how AI and ML are transforming the public sector.
- **Solution:** AWS AI and ML solutions.
- **Customer Story:** Dave Levy, Vice President of Worldwide Public Sector at AWS, providing insights and examples of transformative approaches in the public sector.

**Video 6: AWS re:Invent 2024 - Generative AI for public good: Empowering governments and the UN (WPS104)**
- **Use Case:** Leveraging generative AI for citizen services and social impact across various governments and the UN.
- **Solution:** AWS generative AI models and services.
- **Customer Story:** United Nations and various governments from Asia, Middle East, Europe, and Latin America.

**Video 7: AWS re:Invent 2024 - Practical application of generative AI chatbots in the public sector (WPS206)**
- **Use Case:** Implementing generative AI chatbots to improve government service delivery.
- **Solution:** AWS architecture patterns for generative AI chatbots.
- **Customer Story:** Government agencies looking to enhance customer experience through AI-driven service catalogs.

**Video 8: AWS re:Invent 2024 - Boost fundraising with hyper-personalization powered by Amazon Bedrock (WPS201)**
- **Use Case:** Using AWS and Anthropic's Claude 3 Sonnet LLM to enhance alumni engagement and fundraising.
- **Solution:** Amazon Bedrock, AWS integration services, and Anthropic's Claude 3 Sonnet LLM.
- **Customer Story:** University of California, Los Angeles Anderson School of Management, which saw an 86% increase in donation conversion and a 132% improvement in dollars raised.

**Video 9: AWS re:Invent 2024 - How generative AI can transform service delivery (WPS321)**
- **Use Case:** Enhancing citizen experiences through generative AI technologies in public sector service delivery.
- **Solution:** AWS generative AI services for knowledge stores, retrieval systems, and natural language interfaces.
- **Customer Story:** Public sector agencies aiming to provide accessible, localized information to citizens.

**Video 10: AWS re:Invent 2024 - Accelerate business and mission outcomes with AWS Government Regions (WPS315)**
- **Use Case:** Utilizing AWS Government Regions to deploy modern applications securely and efficiently.
- **Solution:** AWS GovCloud (US), AWS Secret Region, and AWS Top Secret Regions.
- **Customer Story:** Various civilian, healthcare, financial agencies, US Intelligence Community, Department of Defense, and defense industrial base organizations.

### Conclusion

The WPS industry is increasingly leveraging AWS services to drive innovation, enhance operational efficiency, and improve citizen and constituent experiences. Key trends include the adoption of generative AI across various use cases, from regulatory operations and higher education to defense and disaster recovery. AWS solutions such as generative AI models, cloud migration services, AI and ML technologies, and government-specific regions are central to these transformations. Customer examples like FINRA, the Brazilian Ministry of Education, TJRS, and the University of California, Los Angeles Anderson School of Management demonstrate the tangible benefits and successful implementations of these AWS services in the public sector."
