industry,title,video_id,description
ADM,"AWS re:Invent 2024 - Privacy-enhanced advertising with Xmars, DIRECTV, and Amazon Ads (ADM304)",PVkCOi6jNF0,"Discover how Xmars and DIRECTV use Amazon Marketing Cloud (AMC) and Amazon Publisher Cloud—built on AWS Clean Rooms—to plan, activate, and measure advertising campaigns through Amazon DSP. Learn how Amazon Ads is bringing advertisers and publishers together through privacy-enhanced data collaboration to drive the next generation of impactful campaigns that reach desired audiences more effectively. Get access to reference architectures, and discover how to use AWS Clean Rooms ML for audience modeling."
ADM,AWS re:Invent 2024 - Unified customer profiles and connected journeys with United Airlines (ADM201),5RdWingXkS4,"United Airlines uses AWS Entity Resolution and AWS Clean Rooms to unify customer data from multiple touchpoints to gain a comprehensive, 360-degree view of its customers. This helps United deliver personalized experiences, optimize inventory utilization, and drive business growth while maintaining strict data governance and security controls. Join this session to learn how United moved its on-premises workloads to AWS to create a holistic view of its customer data, unlocking the power of a highly distributed dataset to generate business insights using a modern data architecture to create a strong, connected media strategy."
ADM,AWS re:Invent 2024 - Grab innovates with generative AI and secure data collaboration  (ADM203),vRRQkFuKrz8,"Grab, a leading super app in Southeast Asia, launched Grab Ads in 2018. In this session, learn how Grab uses AWS Clean Rooms to power its advertising business via secure data collaboration with partners to enrich its understanding of customers and deliver more relevant experiences. Discover how Grab uses generative AI services on AWS to empower its business functions across marketing and advertising. Hear from Grab about its migration to AWS and best practices for innovating with advertising workloads."
ADM,AWS re:Invent 2024 - Streamline ad monetization with Prebid Server Deployment on AWS (ADM302),oshiVGh1Ty0,"As businesses strive to monetize digital content across platforms, they leverage third-party ad platforms for real-time ad auctions. With Prebid Server Deployment on AWS, customers can connect with over 180 advertising platforms using Prebid.org's open source standard. This lightning talk explores the benefits of owning ad monetization with Prebid Server and the AWS one-click-deploy solution designed for low-latency, high-volume ad workloads. Learn how to deploy and operate the solution within your AWS environment and gain strategies to maximize revenue once your ad monetization system is running."
ADM,AWS re:Invent 2024 - Generative AI in advertising and marketing with Blueshift and VidMob (ADM202),H4KoNIa99w0,"AWS generative AI helps marketers and advertisers across companies accelerate creative development and automate, personalize, and optimize campaigns. Join this session to hear about the latest generative AI advertising and marketing use cases. Learn how Blueshift improves personalization and maximizes content value through recommendations powered by LLM embeddings. Also learn how VidMob experiments with and fine-tunes generative AI models to generate creative insights to optimize return on ad spend (ROAS)."
AES,"AWS re:Invent 2024 - Scepter, Inc. uses big data to reduce methane emissions (AES301)",6gHD3kB0780,"Trace gases including methane and carbon dioxide contribute to climate change and impact the health of millions of people across the globe. Discover how Scepter, Inc. aggregates vast datasets, pinpoints emissions, and helps customers like ExxonMobil monitor and mitigate methane releases. Learn how the ScepterAir data fusion platform uses advanced AWS Cloud services to analyze and extract insights from ground-based, airborne, and in-orbit data sources with low latency. These atmospheric monitoring capabilities help governments, energy companies, agriculture, waste management, healthcare, retail, and transportation industries monitor methane, carbon dioxide, and airborne particulates to help them reach their sustainability goals and meet regulatory requirements."
AES,AWS re:Invent 2024 - How ICEYE uses satellite data & generative AI to speed flood response (AES305),ZZQAPGItct8,"Over the past two years, climate change increased flood risks by 23% with an estimated 1.81 billion people now facing flood risk and consequences like disease, clean water scarcity, and food insecurity. Owning the world’s largest constellation of synthetic aperture radar satellites and powered by AWS, ICEYE is building scalable and resilient solutions to provide critical insights before, during, and after natural disaster events. In this session, discover how ICEYE fuses their high-revisit satellite imagery with ground measurements and social media data and uses generative AI models on Amazon Bedrock to automate processes, allowing first responders to take action faster."
AES,AWS re:Invent 2024 - Getting better image analysis with generative AI (AES307),uOyBuoCjFe4,"Using generative AI comes with challenges, like building prompts with enough information so the AI understands what to do but doesn’t become inflexible, and making sure you’re feeding it the most current data. This is particularly true for image analysis. In this lightening talk, our generative AI experts share tips and tricks that make it easy for you to build prompts that get relevant, high-quality results so you can complete your image analysis missions faster."
AUT,AWS re:Invent 2024 - Transforming AV/ADAS development at Continental with generative AI (AUT307),kbAS9TiMMrA,"Autonomous vehicle (AV) and advanced driver-assistance systems (ADAS) development requires a data-driven process that relies on hundreds of petabytes of drive data and complex tool chains. Join this breakout session to learn how Continental and AWS are collaborating to accelerate the AV/ADAS development process in the cloud. This session outlines how AWS can help offload undifferentiated heavy lifting, such as streamlining data management and simplifying tool chain integration. It then introduces how generative AI accelerates the process of identifying and managing the 1–2% of relevant data within multi-modal datasets for model training, fine-tuning, and system validation."
AUT,AWS re:Invent 2024 - Toyota drives innovation & enhances operational efficiency with gen AI (AUT201),_NXc1MJenw4,"Toyota is in the midst of a transformative journey, harnessing the power of generative AI to drive innovation, boost productivity, and enhance operational efficiency. In this session, gain insights into Toyota's generative AI–driven initiatives that you can apply to own AI transformations. Discover how Toyota uses AI to capture and transfer critical institutional knowledge from retiring employees, reduce mean time to repair production line equipment, and decrease battery scrappage. Additionally, discover Toyota’s innovative approach to accelerating mainframe modernization using generative AI, reducing migration timelines by up to 50% while introducing new business capabilities."
AUT,AWS re:Invent 2024 - How Rivian accelerated ADAS development on AWS (AUT318),cUf7A-nWX5o,"This session covers how Rivian built an end-to-end pipeline for developing, simulating, and releasing new advanced driver-assistance system (ADAS) features using AWS cloud services and partner solutions. It explores Rivian's approach, from data ingestion to perception model training, simulation, and edge deployment, highlighting the AWS services it leveraged. Gain insights into best practices and learn about the AWS services that Rivian employed to help accelerate and scale new ADAS feature development, while optimizing data ingest, compute, storage, and simulation costs."
AUT,AWS re:Invent 2024 - Honda’s EV charging experience with Amazon Bedrock and AWS IoT Core (AUT202),o73GxyDlQVk,"Join this session to learn how Honda worked with AWS to redefine the in-vehicle EV charging experience. By combining data from its connected vehicle platform, external data sources, and layering in generative AI, Honda delivers a personalized, connected, and intelligent charging solution that caters to the evolving needs of EV owners. At the core of this experience is Honda’s use of Amazon Bedrock, providing drivers with personalized charging recommendations and route guidance by factoring in battery health data, driving patterns, and available charging stations."
AUT,AWS re:Invent 2024 - Learnings from BMW's global software development platform on AWS (AUT319),Bz6cKpUJiUw,"The BMW Group has established a global, award-winning software development platform within its automotive organization named the BMW Software Factory. After transitioning to AWS, BMW has scaled it to run over 165,000 CI/CD builds daily, with up to 5,500 instances dynamically provisioned in parallel. With 12,000+ developers, it became essential to focus on the resilience and efficient utilization of FinOps. In this session, learn about the fundamental architecture and design choices that enabled this resilient platform, and dive into the FinOps strategies BMW employed to drive cost optimizations, improve developer productivity, and accelerate its time to market."
AUT,AWS re:Invent 2024 - Using machine learning to enhance the online car-shopping experience (AUT205),hlYVX4q7XZ0,"Join this session to learn how CarGurus uses AWS machine learning services and streaming analytics to enhance the digital customer experience in the online car-shopping process. CarGurus has undertaken a journey to build its machine learning (ML) platform on AWS. Learn how CarGurus applies ML and real-time analytics to power its online marketplace, including pricing insights and personalized vehicle recommendations. Utilizing AWS services including Amazon SageMaker, CarGurus provides car buyers with accelerated vehicle search functionality, improved guidance on well-priced vehicles, relevant vehicle suggestions, and offers well-placed and well-timed promotional offers."
AUT,AWS re:Invent 2024 - How Ford unlocked real-time insights using Apache Iceberg on AWS (AUT311),bDx3SNR_Dck,"In the era of connected vehicles, it’s crucial for automakers to use real-time, data-driven insights to enhance customer experiences and drive operational efficiencies. This session explores Ford’s collaboration with AWS to develop the Event Store, a key component of Ford’s Transportation Mobility Cloud (TMC). This platform processes 4 TB of real-time data daily from over 20 million vehicles, allowing insights around OTA updates, vehicle command and control, and telemetry. Ford’s strategic adoption of AWS services facilitated a petabyte-scale data lake using Apache Iceberg, improving data management and analysis and reducing SLAs by 50% while meeting low-latency requirements."
ENU,AWS re:Invent 2024 - All-in on AWS: Transforming production operations with AWS (ENU307),2oRl6OqEy-M,"In this session, learn about bpx energy's transformation of production operations on AWS. bpx shares its journey to simplify from multicloud and go all-in on AWS, including SAP and Esri ArcGIS. Discover how bpx is preparing their environment and data to transform oil and gas production operations."
ENU,AWS re:Invent 2024 - Leveraging technology and leadership to accelerate energy innovation (ENU201),-14nNmcl58w,"As the energy sector evolves to meet the demands of a sustainable future, leveraging technology and fostering inclusive leadership has never been more critical. Currently, women make up about 22% of the workforce in the energy sector, with only 16% in senior leadership roles. Other underrepresented groups, including people of color and those from diverse cultural backgrounds, face similar barriers. This disparity highlights the pressing need for conscious leadership to bridge these gaps, drive diversity, and encourage innovative thinking across the industry."
ENU,AWS re:Invent 2024 - Accelerate control system upgrades through AWS and evergreen testing (ENU306),H4XJSbYwrSY,"In this session, GE Vernova walks through how cloud-ready architecture allows utilities flexibility when deploying control system software, from the edge to on-premises bare metal, cloud, or even hybrid (such as AWS Outposts), and avoids the limited benefits of “lifting and shifting” applications to the cloud. The traditional path of “forklift” upgrades over years need not be your path forward for grid control systems. Working together, vendors, cloud providers, and utilities can deploy a cloud-native architecture with evergreen testing, operational functionality, and security capabilities built in for control system upgrades that won't disrupt electric operations."
ENU,AWS re:Invent 2024 -Predictive maintenance and optimization of electrical submersible pumps (ENU310),YELFPCi_I-s,"In this session, explore how ExxonMobil is collaborating with Baker Hughes and AWS to optimize the performance and reliability of electrical submersible pumps (ESPs) in the Permian Basin. Learn about the technical and strategic approaches used to enhance ESP management with AWS advanced machine learning and AI capabilities. Discover how hybrid physics-based and machine learning models were deployed to predict ESP failures accurately, improving operational efficiency and reducing downtime. Learn about the challenges encountered, the innovative solutions developed, and the benefits realized, including increased production uptime and reduced maintenance costs. Join us to understand how this collaboration is driving long-term success in unconventional oil and gas operations."
ENU,AWS re:Invent 2024 - An open collaboration for HPC acceleration (ENU305),xcJsPuN-3DA,"In this session, customers learn about Energy HPC Orchestrator (EHO). EHO is an innovative framework designed to transform the execution and operation of traditional energy high performance computing (HPC) applications. It proposes an open industry platform and marketplace for operators, software providers, and academia to deliver innovative seismic processing, imaging, AI/ML, and other state-of-the-art HPC algorithms and workflows. EHO cultivates a competitive environment that encourages innovation within a cloud-native framework, focusing on scalability, fault tolerance, performance optimization, and cost efficiency. By leveraging the latest in cloud technology, EHO enhances efficiency, reliability, and flexibility of existing systems."
ENU,AWS re:Invent 2024 - bp's energy trading digital transformation on AWS (ENU308),q9K8VRR9tnc,"In this session, bp trading shares its supply and energy trading digital transformation journey on AWS: migrating and modernizing hundreds of applications; hosting business-critical trading applications; and reinventing workflows with generative AI. The session includes market risk engine modernization for daily value-at-risk (VaR) calculations using Amazon EMR Serverless; benefits realized by building cloud native applications for bp's supply and trading functions business units; and achieving cost savings, efficiency, and agility by retiring some vendor products and using cloud native alternatives."
ENU,AWS re:Invent 2024 - Achieving dynamic power grid operations with AWS (ENU101),YP-qTiuyV3o,"Reducing carbon emissions requires shifting to renewable energy, increasing electrification, and operating a more dynamic power grid. In this lightning talk, learn how customers are using AWS to perform millions of calculations on real-time grid data to execute the scenario analysis, simulations, and operational planning necessary to operate a dynamic power grid."
ENU,AWS re:Invent 2024 - Powering the future: NextEra Energy’s journey with generative AI (ENU309),9vSlR_vwe2I,"NextEra Energy, a leader in the utility and renewables sector, is harnessing the power of generative AI to enhance customer value, improve employee productivity, and optimize energy operations. This session showcases insights and experiences from NextEra Energy’s journey, highlighting key lessons learned and recommendations to help others embark on a successful AI-enabled transformation journey. Gain valuable insights into implementing large-scale generative AI solutions in the energy sector and learn how AWS can support similar transformative initiatives in your own organizations."
FSI,AWS re:Invent 2024 - Fidelity Investments: Building for mission-critical resilience (FSI318),mYKNR0UXwMc,"Ensuring uninterrupted operations is critical to maintaining customer confidence and remaining compliant with regulatory requirements. This session explores the transformation of Fidelity Investments’ trade processing platform on AWS and the critical role resiliency plays in preserving operational integrity. Discover Fidelity Investments’ approach to building and validating a robust trade flow application with AWS Fault Injection Service, Amazon EC2, and Amazon EKS. Learn how Fidelity Investments practices chaos experiments using real-world scenarios and drives adoption of chaos engineering to 50% of all applications with its “chaos buffet,” a suite of tools that helps simulate impacting events in non-production environments."
FSI,AWS re:Invent 2024 - Beyond productivity: Using generative AI to grow in financial services (FSI202),G8b8LrfXSik,"The present has caught up with the future in financial services. New generative AI capabilities have helped financial institutions automate labor-intensive tasks like extracting information from unstructured data sources, summarizing complex documents, and curating market intelligence. These investments in improving productivity have paved the way for the industry to focus on harnessing generative AI to create business value. Companies are engaging more meaningfully with their customers, identifying sales opportunities more efficiently, increasing lead conversion, and driving adoption of new products. Hear from industry leaders how they built and are running new growth-focused generative AI applications in production on AWS.#AWSreInvent  #AWSreInvent2024"
FSI,"AWS re:Invent 2024 - New tools, no limits: Pushing the envelope in financial services (FSI201)",tnKiV9GGWhA,"Learn how financial services companies are working with AWS to harness new technologies to move their businesses—and the broader industry—in bold new directions. Hear directly from industry leaders who are using AWS infrastructure and services to convert big ideas into action. These leaders are differentiating their brands by completely rethinking established industry offerings, building products that anticipate customer needs, and evolving business models to access untapped markets. Discover how cutting-edge tools and capabilities are helping financial institutions personalize the customer experience at scale, improve business decision-making, and make it easier for consumers to realize their financial goals."
FSI,AWS re:Invent 2024 - Bloomberg: Lessons learned from building and training LLMs on AWS (FSI320),kf4gkXXZs2Q,"Secure and efficient model training is essential to any organization looking to build generative AI capabilities that deliver return on investment. Bloomberg, a leader in AI/ML in financial services, shares lessons learned from building and training large language models—and, subsequently, small language models—on AWS. Find out how Bloomberg navigated challenges across the model development process, including managing massive data volumes across a large network of GPU nodes, and see how automating and templating infrastructure, data storage, and transit pathways help keep data safe and secure while rendering the training process less error-prone, helping teams quickly launch model training projects."
FSI,AWS re:Invent 2024 - JPMorganChase: Real-time fraud screening at massive scale (FSI315),p_OGzemxyBA,"JPMorganChase processes tens of thousands of payments per second across the globe. But with fraud threats continuously evolving to become more complex and detrimental, real-time screening at massive scale becomes essential. Learn how JPMorganChase built a fraud screening platform using Amazon EKS, Amazon DynamoDB, and Amazon MSK that performs thousands of fraud checks per second within hundreds of milliseconds. Explore the AI/ML models that underpin the decisioning engine and reduce manual reviews, increasing accuracy and fraud mitigation by over 75%. Dive into the architectural decisions and trade-offs that inform this mission-critical solution built natively on AWS."
FSI,AWS re:Invent 2024 - New York Life: Data platform modernization to generative AI innovation (FSI324),aGbNFwI0-ko,"New York Life (NYL) modernized its on-premises data platform to enhance analytics, performance, and automation for its critical insurance operations. To meet these objectives, NYL built a scalable data lake and reporting platform on AWS using AWS Lambda, AWS Glue, Amazon RDS, and Amazon Redshift. In this session, NYL shares lessons learned from moving off its legacy platform to a modern data lake and how having a modern data foundation accelerated their generative AI journey. Learn how NYL is using Amazon SageMaker and Amazon Bedrock to improve employee productivity and front-line agent experience."
FSI,AWS re:Invent 2024 - Scaling secure large language models with Robinhood (FSI317),R9hY1YDlwfk,"This lightning talk shares the design and techniques that form the foundation of Robinhood’s large language model (LLM) platform, which is built on AWS. Learn how the company uses LLM gateways and Amazon Bedrock to deliver private inference, preserving customer confidentiality without sacrificing performance. Gain insights into Robinhood’s architecture and operational model, which enable the company to scale its AI capabilities. Hear how Robinhood uses the security features in Amazon Bedrock to process sensitive data while complying with evolving regulatory standards."
FSI,AWS re:Invent 2024 - Allianz Germany: Accelerating legacy migration with generative AI (FSI323),97-hu-EBcv8,"Allianz Germany faced the challenge of migrating thousands of insurance contracts to their core insurance system, requiring hours of manual effort per contract. In this lightning talk, learn how Allianz built an intelligent document processing pipeline using Amazon Bedrock and additional AWS services, including AWS Lambda and AWS Step Functions, to automatically extract critical details from scanned PDFs and supplementary documents. The pipeline can pull over 150 unique contract attributes with up to 84% accuracy, significantly reducing manual effort. View a live demo and learn how you can apply this approach to streamline legacy processes within your own organization."
FSI,AWS re:Invent 2024 - S&P Global: Scaling data insights with fine-tuned foundational models (FSI313),wY8M0uCYxL4,"To streamline private company data acquisition, curation, and distribution, S&P Global needed to process large volumes of data faster and at greater scale. In this session, learn how S&P Global efficiently processes 100 terabytes daily, optimizing content curation and enabling downstream credit and risk scoring. Explore how S&P Global fine-tuned foundational models using Amazon SageMaker and how they deploy and scale these models on Amazon EKS running up to six million inferences per week. Gain insights into the business challenges, technical implementation, and lessons learned from hosting and scaling fine-tuned foundational models on Amazon EKS."
FSI,AWS re:Invent 2024 - NatWest: Personalizing customer experience with Amazon Connect & AI/ML (FSI316),zbrLI6ktTcg,"NatWest has been at the forefront of innovating with new Amazon Connect features and capabilities to improve the customer experience. In this session, learn how NatWest is using richer data and generative AI within its contact center to innovate faster and drive business value. Explore how NatWest uses Amazon Connect data and analytics capabilities, including Contact Lens, to analyze customer sentiment and inform agent decisions using data points like call volume, handle time, and transfers. Hear how NatWest is using Amazon Q in Connect to improve customer intent detection and deliver more personalized customer interactions at scale."
FSI,AWS re:Invent 2024 - How Stripe achieves five and a half 9s of availability (FSI321),7vn49exuYxo,"Stripe, which processes trillions of dollars in transactions annually across the world, must ensure its systems remain available, fault-tolerant, and resilient in the face of surges in traffic and unexpected failures. This session shares how Stripe architects and operates highly available systems at global scale on AWS. Explore the architectural patterns, monitoring systems, and incident response workflows that enable Stripe to achieve 99.9995% uptime—the gold standard set by emergency response hotlines. Gain practical insights into building resilient distributed systems and elevating the availability of your applications."
FSI,AWS re:Invent 2024 - Klarna: Accelerating credit decisioning with real-time data processing (FSI319),DLYuoyL9bwE,"Klarna, a leader in instant credit and buy now, pay later services, must make fast and accurate decisions to provide a frictionless customer experience. This session shares how Klarna scales credit decisioning in real time using Amazon DynamoDB and AWS Glue. Learn how Klarna aggregates customer data points and condenses them into features such as past orders and outstanding debt to feed machine learning models that inform purchase approvals. See how Klarna’s data pipelines enable the company to rapidly ingest, process, and analyze vast amounts of customer data to securely power instant yet intelligent credit decisions."
FSI,AWS re:Invent 2024 - How Vanguard rebuilt its mission-critical trading application on AWS (FSI322),WpkpqE2Nub8,"Learn how Vanguard rebuilt its retail investor trading platform on AWS to achieve higher resiliency, improve performance, and lower costs by scaling to meet demand. Vanguard adopted AWS Fargate for Amazon ECS to run this mission-critical platform, which uses cloud-native services like Amazon Aurora PostgreSQL-Compatible Edition and Amazon DynamoDB to store and replicate data across Regions, achieving 99.99% availability over the past two years. New features that Vanguard needed months or longer to develop on its legacy mainframe monolith now take only weeks or even days, enabling the company to continuously improve the customer experience and compete effectively."
FSI,"AWS re:Invent 2024 - BBVA: Building a multi-region, multi-country data platform at scale (FSI310)",ZnNcz-2tr_8,"BBVA relies on data and analytics to provide automated business and market insights, increase operational efficiencies, and attract customers. Learn how BBVA built a global data platform that powers its data lake and data mesh architectures. Explore the methodology BBVA employed to migrate their data infrastructure and deploy the multi-region, multi-country data platform with an emphasis on usage controls, security, and regulatory compliance. Learn about the tools developed to automate migration, reduce costs, and accelerate time to value with Amazon Athena, AWS Lake Formation, Amazon SageMaker, and Amazon EMR. Finally, see how the platform lays the foundation for generative AI and data governance."
FSI,AWS re:Invent 2024 - Replatforming for reinvention: Modernizing mainframes at Goldman Sachs (FSI312),lscQmFvnL5M,"Goldman Sachs’ asset management ledger, InvestOne, is the heart of their middle office and responsible for calculating and maintaining their investment portfolio positions. In this session, Goldman Sachs walks through how they migrated this mission-critical mainframe while overcoming challenges such as scale, cost, and technical debt. Gain insights into their COBOL development and deployment framework, as well as how they expedited the migration without compromising their commitment to their customers and business. Learn how their platform ensures scalability, availability, and security using Amazon EBS, AWS Elastic Disaster Recovery, and Amazon RDS and establishes a path for future migrations."
GAM,AWS re:Invent 2024 - Scaling generative AI models for millions of users in Roblox  (GAM310),PR_BdCR-s8o,"Generative AI is the bleeding edge of innovation but can be challenging to build and operate at scale. Discover how Roblox, a large online metaverse platform, identifies and forms their use cases for generative AI applications. Deep dive into Roblox’s integration of AWS services like AWS Deep Learning Containers, Amazon EKS, and Amazon EC2 UltraClusters to rapidly scale ML infrastructure. Learn about the solution architecture, training and serving environments, compute orchestration, and ML application development SDKs. Gain insights into best practices to speed up development and improve model training efficiency for large-scale multi-node distributed workloads serving millions of users."
GAM,"AWS re:Invent 2024 - The evolution story of game architecture: PUBG: Battlegrounds, Krafton (GAM311)",GhYUjTxSOkE,"Learn how PUBG studios has evolved AWS architecture to cover millions of concurrent game users globally. ""PUBG: Battlegrounds"" was initially released with a legacy structure that included Windows servers, but it has been seamlessly modified to enrich a stable game experience by adopting AWS services such as EKS, Graviton and AWS Global Accelerator. Come learn about the valuable lessons learned in the transition journey on a live environment."
GAM,AWS re:Invent 2024 - Scaling GPU infrastructure and using LLMs for Roblox's metaverse (GAM312),Md1jBnrmN3g,"Roblox, one of the largest online metaverse platforms, has experienced unprecedented growth in recent years, attracting millions of users to its immersive virtual world. With such a massive user base, ensuring a seamless and engaging experience for all players requires substantial computational resources, particularly for rendering complex 3D environments and facilitating real-time interactions. Gain insights into Roblox's approach to forecasting GPU requirements, enabling proactive resource provisioning and efficient utilization. Learn more about the challenges and opportunities in scaling GPU infrastructure and using LLMs for metaverse applications to meet the ever-increasing demands of their metaverse platform."
GAM,AWS re:Invent 2024 - How Star Wars: Hunters got to the next level with Amazon GameLift (GAM308),LMoHFlZeQes,"Like playing multiplayer arena battle games in a galaxy far, far away? Discover how Zynga utilized Amazon GameLift to support a worldwide game launch of the studio’s first real-time arena-based title. Built on Unreal Engine, Star Wars: Hunters launched worldwide on June 4, 2024 in 14 AWS Regions. Dive into multiplayer game challenges, including development pipelines and infrastructure management. See an example of how to leverage Amazon GameLift for global presence, auto scaling, and matchmaking while minimizing costs and maximizing developer and QA productivity."
GAM,AWS re:Invent 2024 - Effortless game launches: How League of Legends runs at scale on AWS (GAM307),iNYmyuFVMCo,"Discover how Riot Games, the studio behind League of Legends and VALORANT, revolutionized their game server infrastructure with AWS. Explore how they used AWS auto scaling to significantly cut their game server fleet costs while boosting their ability to rapidly respond to shifts in player demand, which helped them take creative risks in updating their games. Learn how they developed a flexible Game Provisioning Platform that can automatically spin up game servers tailored to the unique requirements of different Riot titles, allowing them to quickly roll out new game modes, test experimental ideas, and provide the best possible player experiences."
GAM,AWS re:Invent 2024 - How Supercell’s newest game launched with tens of millions of players (GAM309),e7ou_bPqWBA,"With over 200 million monthly active users, Supercell’s mission is to create great games that as many people as possible play for years and that are remembered forever. In this session, discover how Supercell achieved a successful global launch for its latest game, Squad Busters, with over 40 million pre-launch registrations. Discover how Supercell powers its backend infrastructure by using AWS services like Amazon EC2 Auto Scaling, AWS Graviton, Amazon Aurora I/O-Optimized storage, AWS Countdown, and Amazon CloudFront. Delve into the services and strategy that enable them to handle massive user influxes, while ensuring a seamless worldwide player experience."
HLS,AWS re:Invent 2024 - Claude's role in streamlining drug development (HLS213),goqWzBW7hrM,"In this lightning talk, the Anthropic team shares how leading life sciences companies are using generative AI to revolutionize drug development workflows. Learn how AI is addressing the “cold start” problem in creating critical documents, transforming it into a “quick start” solution. Also explore real-world applications in rapid protocol creation for clinical trials, efficient generation of safety narratives, and streamlined production of clinical safety reports."
HLS,AWS re:Invent 2024 - Accelerating healthcare & life sciences innovation with generative AI (HLS201),0EG0PYuxGAg,"Healthcare and life sciences are harnessing the power of generative AI to unlock new possibilities for drug discovery, clinical trials, and patient care. In this talk, explore how leading healthcare and life sciences organizations are successfully integrating generative AI throughout their organizations to deliver real business value. Explore how these organizations are building enterprise-wide data strategies and data systems to break down internal data silos and fuel their data and generative AI initiatives. Gain insights and best practices for successfully operationalizing and scaling generative AI from pilot projects to production deployments across the health continuum."
HLS,AWS re:Invent 2024 - Scale clinical diagnostic operations: Natera's genomic innovation (HLS206),csbfwFbg8zE,"In this session, discover how clinical diagnostics company Natera used AWS to transform their genomic data processing and unlock groundbreaking clinical insights. Learn how they seamlessly integrated their laboratory data workflows with AWS, enabling scalable and cost-effective processing of millions of clinical tests annually. Dive deep into their use of AWS HealthOmics, which helped power genomic analysis and personalized treatment mapping for oncology, women's health, and fetal health assessments. Take away valuable insights into the benefits of their AWS migration, including reduced costs, scalability, and robust data provenance."
HLS,AWS re:Invent 2024 - Accelerate healthcare innovation: TriZetto's data-powered approach (HLS208),iwmmBTMpEHo,"In this session, learn how Cognizant® TriZetto®, a leading healthcare software provider, modernized its software and processes and unlocked the power of data for healthcare payers and providers. This session explores TriZetto's journey to migrate mission-critical products like Facets and QNXT to AWS, optimizing costs, improving system availability, and enhancing operations through advanced analytics and AI. Learn how this migration enabled TriZetto to drive innovation and reduce operational costs through the power of cloud technology."
HLS,AWS re:Invent 2024 - How Merck improves drug design with biological foundation models (HLS215),f5Bmf_axRNw,"In this session, learn how Merck is modernizing its drug discovery process with the integration of biological foundation models. Merck shares firsthand experience into how the company has modernized its generative biology inference stack using AWS HealthOmics, which helps them scale and unlock new insights."
HLS,AWS re:Invent 2024 - Geisinger's epic journey: Scaling EHR operations on AWS (HLS207),ASwIw-lS7Mw,"Join us to discover how Geisinger, who operates the largest single instance of Epic on any public cloud, leverages AWS to optimize costs, create efficiencies, and improve the clinician and staff experience. As a HIMSS Stage 7 and CHIME Level 10 awardee, Geisinger shares their cloud transformation journey, highlighting significant performance and cost improvements since their Wave 0 migration in Q4 2022. Gain insights into embracing FinOps practices, enhancing reliability, and driving margin improvement through their pioneering EHR migration on AWS."
HLS,AWS re:Invent 2024 - Improve clinical trial coverage analysis with generative AI (HLS212),jVu6WQ0qM_k,"In this lightning talk, discover how Huron developed a powerful tool leveraging Amazon Bedrock that streamlines the analysis of complex clinical trial documents, automating the extraction of critical information necessary for back-office support. Integrated with an API to Smartsheet, the tool facilitates over 50 prompts to run and extract data in a single sitting, processing multiple documents simultaneously with precision. It identifies key medical terminology and clinical research language, using the extracted data to accurately determine insurance coverage for insurers and patients participating in clinical trials. Learn how Huron has significantly reduced the manual workload for their consulting team, enhancing both the accuracy and speed of service delivery for clients."
HLS,AWS re:Invent 2024 - Froedtert Health transforms patient engagement with generative AI (HLS214),mlP_oP5LrIQ,"Froedtert & the Medical College of Wisconsin (MCW) built a transformative digital health platform using AWS. This session explores their innovative use of Amazon SageMaker, AWS Lambda, and other services to create AI-driven applications now serving 70,000 patients monthly. Learn how Froedtert & MCW achieved a threefold increase in platform engagement, enhanced preventive care adherence, and accelerated development. Uncover strategies for implementing HIPAA-eligible infrastructure, crafting personalized care recommendations, and integrating self-service tools. Gain insights applying cloud technologies to improve patient experiences and utilizing serverless architecture for deployment of patient-centric solutions in a rapidly evolving healthcare landscape."
HLS,AWS re:Invent 2024 - Creating powerful member experiences: Cigna’s AWS HealthLake journey (HLS220),ZkVqCudak7k,"Discover how Cigna migrated their data interoperability platform to AWS HealthLake to lower TCO, improve platform scalability, and deliver personalized experiences to their members. Learn how Cigna developed a unified data interoperability layer across multiple businesses to power member applications and deliver real-time analytics, allowing for future innovation that will integrate generative AI for advanced insights and personalized care. Gain insights into how Cigna drives innovation, improves patient outcomes, and delivers exceptional value through their industry-leading healthcare solution on AWS."
MAE,AWS re:Invent 2024 - Sky: Enhancing sports experiences with automation and generative AI (MAE202),fJfxCftCF48,"Integrated with Sky TV, NOW TV, and the Sky Sports app, Sky Sports+ is a fully automated end-to-end live events platform that provides up to 100 concurrent live video streams. In this session, discover how Sky Sports+ uses AWS to deliver features for an enhanced immersive viewing experience, exclusive access to documentaries, and a dedicated linear channel. Explore how AWS powered automation, data mesh, acquisition platform, cloud production expansion, and generative AI are used to augment Sky’s platform capabilities across digital and linear channels."
MAE,AWS re:Invent 2024 - Never a slow news day: Transforming 24/7 news operations (MAE204),UcD82jp_tZQ,"News organizations face an increasing number of challenges including streamlining content production, coordinating efforts across distributed teams, driving audience engagement on a growing number of platforms, improving content and resource efficiency, and adopting new tools and workflows—all while covering breaking news. Learn how CBS News and Stations and CNN use AWS to overcome these challenges while providing 24/7/365 news to their viewers. Learn about the technical and transformation strategies for maximizing the value of current and archival content, accelerating workflows, effectively using ML and generative AI, and increasing viewer engagement."
MAE,AWS re:Invent 2024 - Reinventing entertainment (MAE203),DhDjbnv3xog,"The entertainment industry is undergoing a seismic shift, driven by changing audience preferences and new technologies. Organizations are innovating with AWS to captivate audiences through video, gaming, music, and film. Generational preferences for user-generated content and livestreaming have accelerated this evolution, with gaming emerging as a dominant force. Additionally, generative AI is revolutionizing the industry, enabling innovation in advertising, content monetization, and experiences. As consumers demand more interactive experiences, traditional companies are diversifying and exploring new partnerships. Attend this talk to gain insights into the latest trends and learn how industry leaders are using cloud technologies to enhance engagement and monetization."
MAE,AWS re:Invent 2024 - AWS unplugged: Creating music remotely with UMG (MAE205),4MUVsIKg6sA,"Historically, creating music has required the musicians to all be in the same location—but that is changing. Universal Music Group’s (UMG) Republic Records Studios, in partnership with Open Sesame, is working with AWS to provide a synchronous and bidirectional recording system for artists, producers, and songwriters to share assets and ideas securely in a cost-effective and operationally efficient manner. After you learn how it works, experience a live music performance in which a real recording artist reimagines one of their favorite songs, seamlessly collaborating with producers at the world-famous UMG Republic Records Studios in Los Angeles in real time."
MAE,AWS re:Invent 2024 - Optimizing network efficiency & strengthening multicloud connectivity (MAE308),t4Hm3ru9TAI,"The New York Times is migrating its website, core platform, games application, cooking application, and paywall application from another cloud provider to AWS. To ensure a successful migration, minimizing networking overhead and enhancing cross-cloud connectivity are crucial. This session explores the challenges faced when moving applications and data across cloud providers and the methods used to provide interconnectivity such as dedicated interconnects, software-defined networking, and advanced routing protocols prioritizing efficiency and security. The strategies employed during this migration can be applied to facilitate other cloud to AWS migrations and to operate effectively in a multicloud environment."
MAE,"AWS re:Invent 2024 - NHL Unlocked: Live cloud production, sports data, and alternate feeds (MAE201)",neCFSR_KPzU,"As the first professional sports league in North America to produce and distribute a live game entirely in the cloud, the NHL is on the cutting edge of sports production innovation―lowering costs, reducing carbon emissions, and increasing flexibility and creativity. Join this session to hear how the NHL’s investment in live cloud production and the development of engaging analytics allows them to nimbly provide new, creative, and engaging content for fans."
MAE,AWS re:Invent 2024 - Scaling technology for millions of cricket fans on AWS (MAE309),SOgX572YinQ,"In India, cricket has been called a religion and has an army of passionate fans. Discover how Dream Sports leverages AWS to serve India’s cricket frenzy by sharing insights on architecting for 15 million concurrent fantasy sports users during the Indian Premier League (IPL) with microservices, AI/ML, custom security controls, and more. This session unveils architectural strategies for reliable, high-scale operations catering to dedicated sports fans, as well as how to deliver a multimillion-fan experience."
MFG,AWS re:Invent 2024 - Closing the machine-to-cloud gap to jump-start digital transformation (MFG206),GxJw2wctEZE,"Today, the data pipeline between industrial machines (OT) and the cloud (IT) requires many systems to be integrated together to create a unified data foundation, leading to longer lead times to deploy digital transformation projects. In this session, hear how Rehrig Pacific Company jump-started data ingestion from industrial systems and machines using a securely managed industrial edge to cloud. Hear how manufacturers like Rehrig are quickly deriving business value from operational data that is organized and contextualized for use in factory and cloud applications, unlocking use cases such as asset monitoring, predictive maintenance, quality inspection, and energy management."
MFG,AWS re:Invent 2024 - Optimizing production schedules for flexible manufacturing  (MFG101),YRjz81MYuzc,"In today's on-demand economy, custom parts manufacturers face complex challenges in meeting rapidly shifting customer requirements. They must navigate constraints around machine capabilities, material compatibility, maintenance schedules, and order fulfillment timeframes. Gaining comprehensive visibility into plant floor operations through real-time machine telemetry data is crucial. Enterprise-wide telemetry data enables shop-floor optimization analytics, providing a unified view of the production environment. In this lightning talk, learn how manufacturers can leverage AWS services to optimize production schedules, maximize machine utilization, minimize downtime, and efficiently fulfill a diverse mix of custom orders on time while being energy efficient."
MFG,AWS re:Invent 2024 - Empowering the next-generation industrial operator with generative AI (MFG201),wOJIwS43ThM,"Georgia-Pacific (GP) is one of the largest manufacturers of pulp and paper, dispensers, packaging, and wood and gypsum building products. Like many manufacturers, GP faces workforce attrition challenges as senior workers retire and apprentice operators need to upskill quickly. Hear how GP’s Amazon Bedrock–enabled industrial operator assistant provides a natural language interface for machine diagnostic troubleshooting based on unstructured data (SOP docs, machine manuals, etc.) and structured real-time machine data to retrieve and summarize relevant content in minutes. This reduces mean time to resolution by empowering apprentice workers to troubleshoot independently with real-time, contextualized machine data."
MFG,AWS re:Invent 2024 - Running a complex design environment on AWS (MFG205),FwZDdy0lHdM,"Fab (fabrication facility) design requires a complex and sensitive user experience and strong security regulations. In this session, learn how Samsung Electronics, the world-class semiconductor company, has built and operated a design platform on AWS while adhering to high performance and advanced security standards."
MFG,AWS re:Invent 2024 -Volkswagen’s platform strategy enables production performance & quality (MFG207),3uJiILPOXbc,"Quality is critical for automotive manufacturing through all production steps. In this session, learn how Volkswagen changed from a manual to an automatic, machine learning–based quality inspection approach, including label inspection, assembly checks, and crack detection. Hear the details about their scalable and sustainable implementation of more than 100 use cases, explore how Volkswagen’s Digital Production Platform has evolved over the past five years, and get a glimpse of their future vision."
MFG,AWS re:Invent 2024 - How Gousto reduces food waste and increases workforce productivity (MFG202),GMTlqvsbYSs,"In this session, hear how Gousto, a British meal kit retailer, built a scalable Industrial Data Fabric (IDF) to gain real-time and historical operations visibility. Gousto relies on equipment vendors to provide much of their data, which can add complexity, cost, and time delays. To resolve these challenges, AWS and an AWS Partner helped build a modern IDF using AWS IoT SiteWise, AWS IoT Core, and Amazon Monitron. Hear about the business benefits of their unified namespace architecture and how the customer uses advanced analytics, ML, and generative AI on top of their industrial data foundation."
MFG,AWS re:Invent 2024 - Drive innovation by implementing an industrial data strategy (MFG316),pLBBtkR521Y,"To harness the value of data, manufacturers need more than a single database, data lake, or business intelligence service. They need to implement an end-to-end data strategy. AWS can help your organization implement an end-to-end strategy that makes data management easier at every step of the journey, from ingesting, storing, and querying data to analyzing, visualizing, and running ML models. Learn about the AWS Industrial Data Fabric, a well-architected framework that enables manufacturers to accelerate the ingestion of, contextualization of, as well as ability to act on industrial and enterprise data."
NFX,AWS re:Invent 2024 - Scaling and evolving media storage at Netflix with Amazon S3 (NFX302),Nd9ebOzucj4,"Studio applications at Netflix generate petabytes of data consisting of billions of multimedia assets, such as images, videos, and text, that are delivered and stored securely in Amazon S3. In this session, explore the evolution of the media storage layer at Netflix, including organizing, tracking, and managing the access control and lifecycle of these assets. In addition, Netflix’s ever-growing content landscape has presented several challenges in scaling their storage backend infrastructure. Gain valuable insights into how Netflix tackled scaling challenges, and learn what media-specific features they added to effectively serve their media partners and applications."
NFX,AWS re:Invent 2024 - How Netflix benchmarks FMs and LLMs across hardware chipsets (NFX307),zUjWhiRrp0Y,"Netflix deploys various foundation models on standard CPUs and specialized accelerated computing chips from providers like NVIDIA, AWS, AMD, and Intel. Optimizing instance selection based on price and performance is crucial for rightsizing workloads, achieving cost efficiencies, and accurately forecasting infrastructure needs. In this session, hear Netflix’s approach to automating FM performance benchmarking using FMBench, an open source tool developed by AWS. Learn how FMBench simplifies deployment of FMs to Amazon EC2 and FMBench's reporting capabilities, which capture key performance and accuracy metrics, enabling data-driven decisions based on latency, throughput, and cost requirements."
NFX,AWS re:Invent 2024 - Netflix's massive multi-account journey: Year two (NFX402),7eSZj3D9NRE,"Two years ago, Netflix introduced the idea of decoupling AWS Identity and Access Management roles from applications’ underlying compute infrastructure in order to house those identities in workload-specific AWS accounts. This session will describe our approach for transparently replacing workloads’ AWS IAM identities without involvement from application owners, as well as the data and tools needed. Based on Netflix’s learnings from the past two years of implementation and migration work to make this vision a reality, this session discusses the capabilities other AWS customers should prioritize to find success in their multi-account efforts and the quantified risk reduction."
NFX,AWS re:Invent 2024 - Efficient incremental processing with Apache Iceberg at Netflix (NFX303),s1ySnxVg5rk,"Incremental processing substantially reduces compute costs and execution time, leading to fewer failures and less manual intervention. However, enabling it on large-scale data workflows presents significant challenges around scalability, ease of adoption, and user experience. In this session, learn how Apache Iceberg and Netflix Maestro are being leveraged to build an incremental processing solution (IPS) that processes new or changed data, reducing costs and time while ensuring data accuracy and freshness. Combining Iceberg’s metadata capabilities with Maestro’s workflow orchestration allows for the efficient management of late-arriving data and backfills in various different scenarios beyond append-only mode."
NFX,AWS re:Invent 2024 - How Netflix handles sudden load spikes in the cloud (NFX301),TkFyZyxFRBM,"Netflix operates at full active across four AWS Regions, serving their global traffic by intelligently steering users and managing costs via thousands of auto scaling compute server groups. At various times, traffic surges hit their service that could exceed capacity. In this session, walk through how Netflix solves these problems by pairing predictive automated pre-scaling with fast reactive auto scaling in combination with advanced resilience techniques like prioritized load shedding, cross-Region traffic shifting, targeted capacity injection by service criticality, and more. Discover how to maintain a low level of spend while being ready for sudden load spikes."
NFX,AWS re:Invent 2024 - Netflix’s efficient network configuration for millions of containers (NFX306),fmUM9bMoCNE,"Netflix operates a highly efficient cloud computing infrastructure that supports a broad range of applications crucial for our SVOD (Subscription Video on Demand), live streaming, and gaming services. Titus, Netflix’s container management platform, is instrumental in managing business-critical containers within the AWS cloud environment. Proper network configuration for each container is essential to ensure seamless communication between services and connectivity with the external world. This chalk talk discusses IPMan, a system specifically designed and developed by Netflix to address the network setup requirements of millions of containers running daily."
RCG,AWS re:Invent 2024 - Building an AI-powered shopping assistant  (RCG204),6-43vOTi2GI,"Many retailers are turning to AI-powered virtual assistants like Amazon Rufus to help shoppers find and buy the right products. To be effective, it is important that these virtual assistants provide accurate advice that is limited to the product catalog. During this lightning talk, learn how the AWS Generative AI Labs team accomplished just that and how you can build a digital shopping assistant using large language models."
RCG,AWS re:Invent 2024 - Kellanova and WK Kellogg’s cloud-powered transformation with AWS (RCG201),wkrToNXA6lU,"When the global snacking powerhouse Kellanova, formerly known as Kellogg Company, announced the separation of its North American cereal business, WK Kellogg, both companies relied on cloud technologies to power everything from manufacturing to supply chain to pricing. After the split, their CIOs knew they needed to continue to build a dynamic environment on AWS to optimize their SAP workloads, enhance revenue growth management and trade promotion management, and increase sales. In this session, learn the instrumental role AWS played in their journey and how the companies are using the power of the cloud and AI to unlock new opportunities."
RCG,AWS re:Invent 2024 - How US Foods successfully built and scaled a generative AI sales tool  (RCG203),2xZOq5yZqBQ,"Join this session to learn how US Foods, a leading foodservice distributor, built an automated order guide to enable sales productivity using Amazon Bedrock. The VP of Machine Learning Engineering shares how he and his team identified the right use case, quickly built and tested feasibility with a lightweight proof of concept, quantified business impact to secure executive buy-in, and moved to production."
RCG,AWS re:Invent 2024 - How Nykaa automates product descriptions using generative AI (RCG206),z5fpB_7s0ps,"Inaccurate or incomplete online product descriptions can lower a retailer’s conversion rates and impact revenue. Join this session to learn how Nykaa, India’s largest online beauty and personal care retailer, is using machine learning and generative AI to identify product attributes from images and generate standard product descriptions, improving accuracy, productivity, and click-through rates."
SPT,AWS re:Invent 2024 - Launching a new league: The blueprint for tech-driven sports (SPT210),jqQKj9wDLcs,"In this lightning talk, learn how sports leagues and media companies can develop a new class of data-driven products and experiences to reach and entertain today’s fans. Explore the role of data and technology in powering more immersive experiences, personalizing engagement, and even creating new sporting competitions such as TGL, the hybrid-reality golf league being launched by Tiger Woods and Rory McIlroy. Discover how fan data will drive the next wave of sports innovation and further strengthen the connection between leagues, teams, and marketing partners."
SPT,AWS re:Invent 2024 - Driving operational excellence: F1’s AI-fueled race-day transformation (SPT206),6NoyacHWbV0,"Discover how Formula 1 (F1) revolutionized storytelling and race-day operations through innovation powered by AWS. Hear from F1 leadership on fostering a culture of innovation and using new mechanisms and governance models to accelerate product development. Explore F1’s generative AI solutions like Track Pulse, which identifies high-impact stories in real time with rich insights, and the AI-based assistant that streamlines issue resolution during races. Gain insights into F1’s transformation journey and best practices for enabling continual innovation and experimentation."
SPT,AWS re:Invent 2024 - Revolutionizing sports with generative AI: The Bundesliga trailblazer (SPT207),VTuhr6FSY14,"The Bundesliga is pushing boundaries and elevating the sports industry through its pioneering adoption of generative AI. Discover their transformative journey: crafting an impactful generative AI strategy, transforming text-based content into captivating story formats for a global fanbase, serving personalized and localized content to their fans, piloting dynamic, real-time match commentary, and generating personalized stories using match data for international broadcasters. This session offers invaluable insights into the Bundesliga’s trailblazing approach to generative AI and its potential to reshape the sports industry. Witness how cutting-edge generative AI technologies can elevate your organization’s game and captivate audiences like never before."
SPT,AWS re:Invent 2024 - How Arccos Golf is using AWS and generative AI to transform the game (SPT211),qt7SwZy434I,This lightning talk explores how Arccos Golf is using AWS to revolutionize golf through advanced analytics. Learn about the challenges of interpreting complex golf data and how Arccos is addressing this using a sophisticated data pipeline built on AWS. Also see how Arccos employs generative AI on Amazon Bedrock to make these analytics accessible and actionable for golfers of all skill levels. Discover how this innovative approach is transforming the way golfers—from top-ranked professionals to recreational players—understand and improve their games.
SPT,AWS re:Invent 2024 - Security strategies in the ever-evolving media industry (SPT208),kuGnBCq3f0k,"The panel brings together cybersecurity leaders from the Amazon, Draft Kings, and the NHL to discuss the evolving media landscape and their key concerns. The speakers share challenges like cyberattacks on live sports and protecting intellectual property in entertainment. The discussion highlights the importance of cross-industry collaboration, innovative security strategies, and the need for proactive measures to safeguard against emerging threats. The panel also covers the impact of generative AI on security programs, addressing risks such as deepfakes and the need to maintain content integrity and user experience."
SPT,AWS re:Invent 2024 - How the PGA TOUR is transforming live player commentary in golf (SPT209),nB9iUZXJqQk,"In this lightning talk, explore the development of new services designed to transform live golf commentary by delivering real-time insights on each player’s shot. By making complex stats and player trends accessible, the tool elevates the viewing experience, which creates a more engaging and personalized connection to the tournament. Also learn about the critical importance of performing discovery, roadmapping, operationalizing, and building a solid foundation—key steps that ensure successful implementation of generative AI. These strategic elements not only power the tool but also set the stage for scalable, impactful AI-driven innovations in live sports."
TLC,AWS re:Invent 2024 - Breaking barriers: Harnessing generative AI in telecom (TLC207),Fyh5C067WQA,"In this session, discover how generative AI can revolutionize telecommunications—creating inclusive digital experiences across sectors irrespective of abilities, age, socioeconomic status, education level, or location. Learn about AWS collaborations with leaders like NVIDIA and Anthropic in building AI infrastructure for telecommunications companies and independent software vendors. Also explore real-world examples using innovative approaches from BT, SKT, and AT&T in developing AI-driven platforms."
TLC,AWS re:Invent 2024 - Generative AI–powered graph for network digital twin (TLC202),Pz2IlR3s8ss,"Orange, a leading European telco, is pioneering autonomous networks powered by AWS, harnessing digital twins and AI/ML to revolutionize operations. Their innovative solution—built on AWS services like Amazon Bedrock, Amazon Neptune, and Amazon SageMaker—unlocks advanced graph deep learning capabilities to create a robust network digital twin. In this session, learn how Orange’s groundbreaking approach enhances fault monitoring, maintenance, and root cause analysis, driving unparalleled network resilience. Discover how this deployment shapes the future of autonomous networks."
TLC,AWS re:Invent 2024 - SK Telecom's TelClaude: Redefining telco CX with generative AI on AWS (TLC203),pDur8Y724Io,"As South Korea’s largest wireless carrier with over 30 million customers, SK Telecom is pioneering generative AI solutions to elevate customer experiences and drive operational efficiency. In this session, learn how SK Telecom uses the AWS Generative AI Innovation Center to customize and fine-tune Anthropic’s Claude 3 for the telecommunications domain and Korean language. Discover the innovative approaches employed to achieve significant performance boosts in customer service applications while aligning with SK Telecom’s corporate style and tone. Explore the transformative potential of tailored generative AI in redefining telco customer experiences and operational workflows."
TLC,AWS re:Invent 2024 - SK Telecom's TelClaude: Redefining telco CX with generative AI on AWS (TLC203),P3iGwvcjcZk,"As South Korea’s largest wireless carrier with over 30 million customers, SK Telecom is pioneering generative AI solutions to elevate customer experiences and drive operational efficiency. In this session, learn how SK Telecom uses the AWS Generative AI Innovation Center to customize and fine-tune Anthropic’s Claude 3 for the telecommunications domain and Korean language. Discover the innovative approaches employed to achieve significant performance boosts in customer service applications while aligning with SK Telecom’s corporate style and tone. Explore the transformative potential of tailored generative AI in redefining telco customer experiences and operational workflows."
TLC,AWS re:Invent 2024 - O2 Telefónica Germany: 5G Core on AWS (TLC206),ugetY8CCQgA,"Hear from O2 Telefónica about the world's first 5G mobile core network running entirely on AWS Cloud with Nokia. Discover how this cloud-native 5G Core deployment enables superior network agility, scalability, security, and accelerated innovation cycles. Learn how the cloud’s flexibility can transform 5G economics through streamlined operations and new revenue opportunities. Explore the vast possibilities by bringing the 5G core to the cloud, providing an enhanced customer experience, service resilience, and quicker software updates."
TLC,AWS re:Invent 2024 - AI-managed telecom ecosystem: Closer than ever (TLC205),aghlPPPtp2E,"In this lightning talk, discover how Amdocs transformed their SaaS platforms’ development and delivery processes by adopting serverless, AI-powered solutions on AWS. With AI models integrated into their development pipeline, Amdocs streamlined activities such as code generation, testing, and automation, enhanced overall productivity, and reduced manual efforts. Learn how leveraging services like Amazon Bedrock helps Amdocs' deployment teams transform from fixed codebase and complex implementation processes to a generative AI–based tenants creation and customer customization using natural language and simplified experience."
TLC,"AWS re:Invent 2024 - Build transformative, AI-powered telco solutions with AWS (TLC204)",JqNKPtSJe5M,"Join AWS experts Chivas Nambiar, Director of Telecom Business, and Ishwar Parulkar, Chief Technologist, Telecom, to learn how AWS empowers telcos to transform operations end-to-end and to drive growth and innovation with AI-powered solutions. In this session, explore real-world examples of how AWS works with leading telcos to modernize legacy systems, transform networks, unlock new revenue streams, and reimagine customer experiences by leveraging AI and machine learning."
WPS,AWS re:Invent 2024 - Driving transformation for California’s workforce (WPS322),cwuSf7ukjck,"California’s Employment Development Department (EDD) administers essential benefit programs such as unemployment insurance, disability insurance, and paid family leave. Serving one of the largest and most diverse populations in the country, EDD collects and disburses billions of dollars annually. This session dives deep on EDDNext, a comprehensive modernization effort to revamp benefit systems and transform the customer and employee experience. From improving self-service and language access with Amazon Connect to migrating a tax system to AWS that collects over $100 billion annually, learn how EDD is investing in a brighter future for millions of Californians."
WPS,AWS re:Invent 2024 - Practical application of generative AI chatbots in the public sector  (WPS206),nD8rfh06pwI,"Government service delivery is undergoing a significant shift. This session explores the potential of generative AI chatbots as an alternative to traditional service catalogs. Leverage an AWS architecture pattern to delve into chatbots that can comprehend user requests in natural language and provide dynamic, interactive responses. This innovative solution guides users directly to the services they require, streamlining navigation and discovery. The goal is to enhance the customer experience, making services more accessible, user-friendly, and efficient. Participants gain insights into the practical applications of generative AI chatbots and the advancements transforming how citizens interact with government services."
WPS,AWS re:Invent 2024 - Braving the storm: TJRS’s 3-week cloud migration amid disaster (WPS205),srBFjywC6-U,"Facing devastating floods, the Tribunal de Justiça do Rio Grande do Sul (TJRS) urgently migrated their judicial system to AWS in three weeks, expediting their planned eight-month timeline. Learn how AWS and SERPRO provided disaster response support as TJRS moved over 200TB of data, 80 VMs, 50 integrations, and a 12TB database to the cloud despite power outages and flooding. Through this adversity, TJRS was the only justice court in the state that maintained uninterrupted judicial services and transitioned to a more secure, stable, and performant cloud infrastructure."
WPS,AWS re:Invent 2024 - Generative AI for public good: Empowering governments and the UN (WPS104),Ln8aZI2Lkhs,"Explore how the United Nations and governments from around the world are leveraging generative AI for citizen services and social impact. Led by Jeff Kratz, AWS Vice President, Worldwide Public Sector Industry, this session provides cases from Asia, Middle East, Europe, and Latin America. Learn to utilize generative AI models to enhance public sector capabilities. Discover conversational assistants streamlining citizen inquiries, localized content generation promoting inclusivity, and generative AI advancing sustainability goals. Address key considerations for using AI responsibly, mitigating biases, and ensuring transparency and data privacy protection. Witness generative AI’s potential in creating more equitable and resilient societies worldwide."
WPS,AWS re:Invent 2024 - Accelerate business and mission outcomes with AWS Government Regions (WPS315),rewe47vq8xM,"In this lightning talk, learn how AWS Government Regions—AWS GovCloud (US), AWS Secret Region, and AWS Top Secret Regions—help customers accelerate their desired outcomes and the deployment of modern applications while reducing risk compared to legacy on-premises deployments. The AWS Government Regions are purpose-built, compliance-eligible, secure, and scalable cloud infrastructures designed to address mission needs and critical workload requirements for civilian, healthcare, and financial agencies, the US Intelligence Community, the Department of Defense, the defense industrial base, and technology partners and supporting organizations."
WPS,AWS re:Invent 2024 - Boost fundraising with hyper-personalization powered by Amazon Bedrock (WPS201),zDWEFsYgKG4,"Join this session to discover how the University of California, Los Angeles Anderson School of Management used AWS and Anthropic's Claude 3 Sonnet LLM to revolutionize their alumni engagement strategy in partnership with Slalom. Donation conversion increased by 86% and donation size by 26%, improving dollars raised by a staggering 132%. Learn about the architecture that seamlessly integrated customized content with donor data to strategically deliver emails at optimal times, significantly boosting open rates, and maximized outreach effectiveness."
WPS,AWS re:Invent 2024 - How generative AI can transform service delivery (WPS321),Va3muRxMv-I,"This lightning talk covers various generative AI technologies and techniques that can be used by public sector agencies to enhance citizen experiences. Making highly accessible, localized, quality information available to your citizens 24/7 has never been more within reach. This talk briefly explores topics such as curating knowledge stores, building retrieval systems, and adding natural language interfaces to your public services. All of this is easier than ever with the help of AWS solutions and services."
WPS,AWS re:Invent 2024 - Democratizing access to higher education for 1.2 million students (WPS319),oFvOrmlU8vE,"This session demonstrates how the AWS platform was essential to supporting the Unified Selection System (SiSU), enabling 1.27 million students to apply for 460,000 vacancies at 127 public institutions digitally. Understand how the Brazilian Ministry of Education and AWS collaborated to help students gain admission to public higher education institutions in the country, increasing price/performance efficiency and resulting in zero availability issues or infrastructure incidents."
WPS,AWS re:Invent 2024 - The journey and challenges of operationalizing generative AI at FINRA (WPS320),mNNIWz60nTg,"In 2014, FINRA fully embraced AWS and began transforming their business with cloud technology. Today, they manage over an exabyte of data and employ sophisticated analytics and cloud operations to power their regulatory mission. FINRA technology executives are now working through their next transformation with generative AI. Join them as they share their journey of operationalizing generative AI, discussing the people, process, and technology challenges they've encountered and the pilot programs they're scaling across the enterprise, including their innovative developer assistant built on Amazon Q. Learn how FINRA implemented innovation and training programs, risk and prioritization frameworks, and operational tooling to support their journey."
WPS,AWS re:Invent 2024 - Igniting public sector innovation for a better tomorrow (WPS202),WDX44-_tzmE,"The public sector landscape is rapidly shifting, presenting organizations with complex hurdles that demand unprecedented and transformative approaches. Join Dave Levy, Vice President of Worldwide Public Sector at AWS, where he explores how cutting-edge AI and ML solutions are revolutionizing the space. Gain insights from real-world examples and uncover the boundless potential to drive change and forge a brighter future for citizens, constituents, students, service members, patients, and beyond."
WPS,AWS re:Invent 2024 - Armed Forces unite: Connecting data across domains (WPS212),GLITiw4ni_s,"There is no doubt that making quick decisions brings a critical advantage to the US Armed Forces. But doing that securely and safely is a challenge our Department of Defense has set out to solve. Join this session, with leadership from each branch of the Armed Forces, to discuss data-driven strategies to make information accessible, anywhere and anytime, to drive decision-making. Hear how investments in advanced technologies are improving speed, quality, and accuracy, and how receiving the right data at the right time is a vital component to empowering service members."
